chr	peak_start	peak_end	peak_name	TSS_start	TSS_end	gene	strand	dist
2L	61856	62162	peak_2	59189	59268	FBgn0051973	-	-2589
2L	109222	109416	peak_12	107760	107838	FBgn0005278	+	-1385
2L	121075	121282	peak_14	121632	121754	FBgn0031220	-	351
2L	168102	168809	peak_22	159031	159819	FBgn0016977	+	-8284
2L	466474	467116	peak_59	471397	472200	FBgn0031258	-	4282
2L	483843	484608	peak_64	479475	479688	FBgn0043364	-	-4156
2L	502546	503077	peak_68	490834	491315	FBgn0003963	+	-11232
2L	660459	661156	peak_89	625651	625662	FBgn0031273	+	-34798
2L	809123	809289	peak_95	810576	810645	FBgn0051658	+	1288
2L	822315	822900	peak_101	821421	821551	FBgn0031285	+	-765
2L	854156	854714	peak_107	852847	852935	FBgn0020545	+	-1222
2L	1030769	1031364	peak_116	1042988	1043218	FBgn0031294	-	11625
2L	1068772	1069032	peak_120	1076834	1077815	FBgn0003310	-	7803
2L	1127428	1127652	peak_130	1128803	1128953	FBgn0016926	-	1152
2L	1339561	1340259	peak_145	1344460	1344515	FBgn0026141	+	4202
2L	1409833	1410343	peak_148	1442725	1442786	FBgn0263321	+	32383
2L	1492211	1492473	peak_155	1502628	1502904	FBgn0031344	-	10156
2L	1649864	1650158	peak_163	1614076	1614160	FBgn0021906	-	-35705
2L	1719163	1719854	peak_170	1715556	1715851	FBgn0086698	-	-3313
2L	1874440	1874842	peak_179	1884621	1885318	FBgn0031374	+	9780
2L	2043051	2043492	peak_203	2037713	2038008	FBgn0003557	+	-5044
2L	2168903	2169316	peak_215	2177846	2178754	FBgn0000097	-	8531
2L	2216549	2217052	peak_230	2217142	2217246	FBgn0259717	-	91
2L	2228161	2228621	peak_235	2226520	2227068	FBgn0267378	+	-1094
2L	2286069	2286867	peak_240	2286844	2286873	FBgn0051681	-	0
2L	2433474	2433918	peak_253	2424796	2424840	FBgn0264988	+	-8635
2L	2489726	2490327	peak_257	2492520	2492671	FBgn0264978	-	2194
2L	2656758	2657115	peak_263	2655393	2655459	FBgn0031443	+	-1300
2L	2733577	2734055	peak_267	2730103	2730372	FBgn0031449	+	-3206
2L	2764198	2764778	peak_276	2765504	2765665	FBgn0031457	-	727
2L	2783150	2783281	peak_280	2771735	2771776	FBgn0031460	-	-11375
2L	2845616	2845871	peak_285	2845711	2845734	FBgn0031470	-	0
2L	2860387	2860900	peak_291	2857163	2857576	FBgn0031474	+	-2812
2L	2868842	2869305	peak_293	2869651	2869745	FBgn0031476	+	347
2L	2878182	2878303	peak_297	2878137	2878232	FBgn0031479	-	0
2L	3049141	3049438	peak_316	3042550	3042738	FBgn0031501	+	-6404
2L	3083500	3084368	peak_320	3056597	3056924	FBgn0283427	+	-26577
2L	3248716	3249050	peak_335	3294583	3294706	FBgn0031515	-	45534
2L	3413458	3413992	peak_348	3388398	3388496	FBgn0259950	-	-24963
2L	3474508	3475161	peak_357	3472602	3472802	FBgn0051956	+	-1707
2L	3476203	3476860	peak_358	3478433	3478615	FBgn0261560	+	1574
2L	3648232	3648395	peak_375	3656707	3656953	FBgn0000721	-	8313
2L	3675110	3675413	peak_379	3670527	3670581	FBgn0261054	-	-4530
2L	3772659	3773294	peak_387	3771699	3771784	FBgn0004893	+	-876
2L	3804528	3804701	peak_392	3803544	3803730	FBgn0021800	+	-799
2L	4185861	4186004	peak_415	4187710	4187793	FBgn0051961	-	1707
2L	4188023	4188154	peak_417	4188122	4188147	FBgn0040102	+	0
2L	4224484	4224839	peak_420	4226888	4226980	FBgn0031590	-	2050
2L	4345802	4346061	peak_429	4333912	4334439	FBgn0020762	+	-11364
2L	4363596	4363728	peak_431	4382696	4382735	FBgn0031597	-	18969
2L	4436197	4436313	peak_440	4437786	4437818	FBgn0262358	+	1474
2L	4466319	4467952	peak_450	4465173	4465237	FBgn0031611	+	-1083
2L	4812982	4813190	peak_461	4813008	4813353	FBgn0031630	+	0
2L	4835469	4836356	peak_465	4837844	4837999	FBgn0031635	-	1489
2L	4879017	4879687	peak_469	4882864	4883107	FBgn0000286	-	3178
2L	5259346	5259642	peak_519	5264000	5264033	FBgn0031693	+	4359
2L	5278970	5279102	peak_524	5279052	5279359	FBgn0031696	+	0
2L	5338139	5338556	peak_539	5335663	5336170	FBgn0031702	-	-1970
2L	5660544	5661064	peak_559	5662848	5662981	FBgn0031728	+	1785
2L	6062256	6062542	peak_605	6062687	6062720	FBgn0031771	-	146
2L	6080976	6081557	peak_612	6082602	6083740	FBgn0266450	+	1046
2L	6340911	6341324	peak_623	6338835	6339125	FBgn0015623	+	-1787
2L	6477997	6478540	peak_633	6476745	6476975	FBgn0031818	-	-1023
2L	6488626	6488876	peak_635	6488551	6488756	FBgn0287695	-	0
2L	6552481	6553088	peak_641	6557799	6557902	FBgn0031830	+	4712
2L	6616420	6616900	peak_649	6611686	6611775	FBgn0031836	+	-4646
2L	6683339	6683676	peak_665	6683948	6684357	FBgn0028703	-	273
2L	6772101	6773104	peak_670	6772551	6772614	FBgn0031857	-	0
2L	6785116	6785480	peak_671	6786414	6786861	FBgn0015776	-	935
2L	6812897	6813223	peak_678	6802707	6802789	FBgn0031859	-	-10109
2L	6829782	6830288	peak_679	6852314	6852421	FBgn0017551	+	22027
2L	6853753	6853870	peak_682	6854141	6854245	FBgn0086451	+	272
2L	6936650	6936969	peak_690	6932120	6932250	FBgn0262877	+	-4401
2L	6956530	6956781	peak_696	6956872	6956950	FBgn0031874	-	92
2L	7013298	7013640	peak_705	7013395	7013495	FBgn0263027	+	0
2L	7094082	7094315	peak_715	7084481	7084635	FBgn0031888	-	-9448
2L	7154638	7156405	peak_718	7156665	7157695	FBgn0085407	-	261
2L	7419977	7420142	peak_735	7427001	7427200	FBgn0283658	+	6860
2L	7447847	7448246	peak_744	7450948	7451244	FBgn0025697	-	2703
2L	7546946	7547880	peak_752	7529396	7530574	FBgn0264895	-	-16373
2L	7587936	7588175	peak_756	7581923	7581934	FBgn0083141	+	-6003
2L	8007256	8007752	peak_788	8007132	8007210	FBgn0031973	-	-47
2L	8088192	8088395	peak_803	8083419	8083521	FBgn0261822	+	-4672
2L	8381955	8382076	peak_838	8381679	8381764	FBgn0027094	-	-192
2L	8418344	8418623	peak_848	8419871	8420064	FBgn0027932	+	1249
2L	8437076	8437183	peak_852	8437175	8437365	FBgn0027490	-	0
2L	8546071	8546397	peak_868	8542146	8542212	FBgn0011259	+	-3860
2L	8645499	8646535	peak_872	8673151	8673201	FBgn0001114	+	26617
2L	8692366	8692891	peak_877	8686230	8686317	FBgn0260861	+	-6050
2L	8834464	8834696	peak_890	8825644	8826493	FBgn0029123	+	-7972
2L	8871709	8872125	peak_894	8891439	8891506	FBgn0261630	+	19315
2L	8949870	8950247	peak_900	8950977	8951216	FBgn0032078	-	731
2L	8967322	8967679	peak_905	8967534	8967569	FBgn0032082	+	0
2L	8982228	8982495	peak_908	8980658	8980731	FBgn0040963	+	-1498
2L	9195101	9195329	peak_926	9176357	9176380	FBgn0041092	+	-18722
2L	9248332	9248898	peak_930	9254831	9254854	FBgn0040097	-	5934
2L	9299876	9300279	peak_935	9272501	9272518	FBgn0267252	+	-27359
2L	9518920	9519600	peak_954	9528514	9528527	FBgn0032122	+	8915
2L	9689944	9690218	peak_970	9699114	9699297	FBgn0000273	-	8897
2L	9702144	9702604	peak_974	9700809	9701052	FBgn0011207	+	-1093
2L	9830117	9830447	peak_987	9793006	9793107	FBgn0032150	-	-37011
2L	9907143	9907933	peak_995	9908531	9908633	FBgn0032156	-	599
2L	9937853	9937970	peak_1003	9938005	9938134	FBgn0051712	-	36
2L	10154257	10154682	peak_1020	10144775	10145218	FBgn0032187	+	-9040
2L	10263479	10263676	peak_1034	10263418	10263554	FBgn0011305	-	0
2L	10266644	10266760	peak_1037	10266702	10266809	FBgn0032204	+	0
2L	10269896	10270124	peak_1038	10270050	10270114	FBgn0260750	+	0
2L	10314321	10314496	peak_1044	10314311	10314370	FBgn0032216	-	0
2L	10342896	10343193	peak_1050	10342701	10342758	FBgn0032224	+	-139
2L	10362630	10362810	peak_1051	10362507	10362707	FBgn0027568	-	0
2L	10366607	10366787	peak_1052	10366691	10366875	FBgn0032231	+	0
2L	10808885	10809148	peak_1097	10842380	10842597	FBgn0032305	-	33233
2L	10918943	10919339	peak_1104	10910535	10910541	FBgn0032315	-	-8403
2L	11218787	11219188	peak_1138	11179031	11179231	FBgn0032354	+	-39557
2L	11341221	11341545	peak_1147	11282089	11282179	FBgn0020270	+	-59043
2L	11445554	11445956	peak_1151	11498882	11498948	FBgn0287204	-	52927
2L	11634889	11635251	peak_1160	11648779	11648839	FBgn0032369	-	13529
2L	11734820	11735131	peak_1165	11753530	11753555	FBgn0259960	-	18400
2L	11810620	11811150	peak_1169	11809125	11809438	FBgn0020309	-	-1183
2L	11832009	11832382	peak_1173	11834085	11834138	FBgn0266363	+	1704
2L	11873685	11874101	peak_1176	11850306	11850354	FBgn0032382	+	-23332
2L	11942166	11942595	peak_1179	11928542	11928572	FBgn0264815	-	-13595
2L	12025039	12025788	peak_1187	12027437	12027781	FBgn0010497	+	1650
2L	12055384	12055729	peak_1192	12055901	12055949	FBgn0028425	-	173
2L	12134033	12134282	peak_1208	12108799	12109116	FBgn0015797	-	-24918
2L	12176996	12177236	peak_1212	12177598	12177752	FBgn0032422	-	363
2L	12494686	12495449	peak_1238	12491849	12492620	FBgn0259176	-	-2067
2L	12535348	12535691	peak_1245	12507938	12508116	FBgn0262353	+	-27233
2L	12834045	12834278	peak_1266	12821660	12822787	FBgn0015399	-	-11259
2L	13003646	13003919	peak_1270	13004040	13004107	FBgn0265262	-	122
2L	13100867	13101950	peak_1287	13106806	13106884	FBgn0032470	+	4857
2L	13113618	13113900	peak_1288	13119105	13119134	FBgn0265087	-	5206
2L	13300346	13300910	peak_1314	13295629	13295758	FBgn0051729	+	-4589
2L	13376559	13376899	peak_1322	13378357	13378538	FBgn0032514	-	1459
2L	13385006	13385653	peak_1325	13387213	13387312	FBgn0032516	-	1561
2L	13421782	13422204	peak_1329	13445560	13445651	FBgn0032524	-	23357
2L	13580599	13580810	peak_1342	13550138	13550293	FBgn0259984	+	-30307
2L	13769058	13769512	peak_1349	13771094	13771240	FBgn0028541	+	1583
2L	13778190	13778647	peak_1351	13779732	13780165	FBgn0028540	-	1086
2L	13827718	13827844	peak_1361	13827691	13827772	FBgn0004406	-	0
2L	13873145	13873327	peak_1367	13904206	13904476	FBgn0019890	-	30880
2L	13976890	13977529	peak_1373	13977301	13977359	FBgn0028940	+	0
2L	14252699	14252851	peak_1396	14233647	14234108	FBgn0016930	-	-18592
2L	14298101	14298744	peak_1397	14300998	14301676	FBgn0261563	+	2255
2L	14382470	14382861	peak_1407	14362068	14362137	FBgn0015546	+	-20334
2L	14402304	14403015	peak_1411	14408436	14409549	FBgn0004858	-	5422
2L	14451587	14452509	peak_1416	14450860	14450922	FBgn0028844	-	-666
2L	14634752	14636141	peak_1430	14616266	14616437	FBgn0000056	+	-18316
2L	14755813	14756579	peak_1440	14743251	14743295	FBgn0085195	+	-12519
2L	14832709	14833242	peak_1443	14842357	14842386	FBgn0261568	+	9116
2L	15248791	15248947	peak_1459	15256263	15256304	FBgn0283467	-	7317
2L	15352956	15353494	peak_1468	15274986	15275091	FBgn0086691	-	-77866
2L	15500091	15500449	peak_1473	15499126	15499220	FBgn0002524	+	-872
2L	15556820	15557240	peak_1475	15613326	15613335	FBgn0028944	-	56087
2L	15807214	15807413	peak_1488	15772541	15772689	FBgn0051826	-	-34526
2L	15919801	15920176	peak_1494	15902377	15902410	FBgn0051821	-	-17392
2L	15995914	15996285	peak_1499	16000290	16001254	FBgn0028644	+	4006
2L	16002614	16003234	peak_1502	16003444	16003641	FBgn0085196	-	211
2L	16114755	16115540	peak_1505	16135161	16135272	FBgn0085197	-	19622
2L	16177664	16178008	peak_1507	16165830	16165935	FBgn0001991	+	-11730
2L	16246605	16246933	peak_1512	16241938	16242080	FBgn0262000	+	-4526
2L	16272725	16273034	peak_1525	16262140	16262199	FBgn0028897	+	-10527
2L	16364335	16364679	peak_1547	16365902	16365918	FBgn0028841	+	1224
2L	16555593	16555971	peak_1564	16520080	16520177	FBgn0032587	-	-35417
2L	16567284	16567733	peak_1565	16601826	16602085	FBgn0259735	+	34094
2L	16639380	16639916	peak_1572	16677184	16677382	FBgn0001185	+	37269
2L	16713764	16714047	peak_1580	16715770	16716195	FBgn0062978	-	1724
2L	16857671	16858161	peak_1598	16858453	16858714	FBgn0051809	-	293
2L	16920890	16921615	peak_1609	16910308	16910418	FBgn0026150	-	-10473
2L	16992662	16993186	peak_1611	16973090	16973697	FBgn0053179	+	-18966
2L	17250708	17251906	peak_1626	17260349	17260734	FBgn0032629	-	8444
2L	17360492	17361057	peak_1630	17383782	17384115	FBgn0032633	-	22726
2L	17390803	17391245	peak_1636	17389340	17389530	FBgn0020503	+	-1274
2L	17425115	17425504	peak_1638	17427655	17428199	FBgn0011274	-	2152
2L	17542430	17543879	peak_1655	17500668	17501106	FBgn0032646	-	-41325
2L	17748595	17749055	peak_1660	17751938	17752346	FBgn0015609	-	2884
2L	18105967	18106750	peak_1663	18113135	18113179	FBgn0265669	-	6386
2L	18115283	18115701	peak_1664	18114657	18114682	FBgn0032665	+	-602
2L	18138865	18139511	peak_1670	18137931	18138083	FBgn0001301	-	-783
2L	18268758	18269220	peak_1680	18257838	18257902	FBgn0051788	-	-10857
2L	18328596	18329370	peak_1688	18320101	18320687	FBgn0000636	+	-7910
2L	18368231	18368828	peak_1697	18359022	18359028	FBgn0011559	-	-9204
2L	18370987	18371247	peak_1698	18378590	18378625	FBgn0085200	+	7344
2L	18468580	18469120	peak_1709	18454486	18454587	FBgn0284256	-	-13994
2L	18500563	18501476	peak_1713	18503834	18503978	FBgn0032683	-	2359
2L	18510472	18510742	peak_1716	18509559	18509706	FBgn0032684	+	-767
2L	18567697	18568400	peak_1721	18571242	18572286	FBgn0085370	-	2843
2L	18631248	18631669	peak_1734	18617255	18617724	FBgn0032694	+	-13525
2L	18809476	18809964	peak_1759	18810818	18810986	FBgn0040992	-	855
2L	19111709	19111912	peak_1792	19111840	19112000	FBgn0000075	+	0
2L	19142041	19142532	peak_1799	19133426	19133483	FBgn0086447	-	-8559
2L	19251137	19251263	peak_1813	19190341	19190728	FBgn0015380	+	-60410
2L	19292438	19292888	peak_1814	19362839	19363227	FBgn0024245	-	69952
2L	19416113	19417185	peak_1823	19416423	19416470	FBgn0041789	-	0
2L	19425217	19425394	peak_1825	19426297	19426698	FBgn0032779	+	904
2L	19493746	19493874	peak_1839	19493250	19493382	FBgn0002044	+	-365
2L	19517498	19517765	peak_1842	19518823	19519159	FBgn0032798	+	1059
2L	19546698	19547195	peak_1849	19546811	19546959	FBgn0032805	-	0
2L	19565301	19565549	peak_1851	19566159	19566264	FBgn0032810	+	611
2L	19879202	19879451	peak_1876	19935252	19935527	FBgn0263873	+	55802
2L	20070967	20071504	peak_1893	20072188	20072195	FBgn0032843	-	685
2L	20083023	20083311	peak_1898	20084734	20085070	FBgn0263773	-	1424
2L	20287393	20287588	peak_1911	20311218	20311819	FBgn0003475	+	23631
2L	20385416	20385638	peak_1917	20399091	20399396	FBgn0032857	-	13454
2L	20431250	20431986	peak_1924	20429024	20429161	FBgn0263355	+	-2090
2L	20641373	20641583	peak_1930	20640916	20640939	FBgn0261058	+	-435
2L	20724271	20724619	peak_1943	20730252	20730282	FBgn0032879	-	5634
2L	20750486	20750923	peak_1947	20752196	20752267	FBgn0032881	-	1274
2L	20834529	20835907	peak_1962	20835607	20835840	FBgn0032891	-	0
2L	20885629	20886359	peak_1970	20869853	20870133	FBgn0032900	+	-15497
2L	21166571	21166930	peak_1999	21166552	21166624	FBgn0263051	-	0
2L	21243894	21244418	peak_2007	21237249	21237420	FBgn0261239	+	-6475
2L	21307922	21308391	peak_2012	21310000	21310050	FBgn0032940	-	1610
2L	21322949	21323233	peak_2018	21310865	21311032	FBgn0000370	+	-11918
2L	21396817	21397613	peak_2020	21430011	21430066	FBgn0053907	-	32399
2L	21585298	21586058	peak_2024	21589355	21589423	FBgn0016919	-	3298
2L	21622952	21623374	peak_2029	21623386	21623627	FBgn0032955	-	13
2L	21639705	21640091	peak_2032	21629692	21629932	FBgn0022893	-	-9774
2L	21657537	21657951	peak_2033	21658734	21658854	FBgn0032956	+	784
2L	21752527	21752738	peak_2039	21757163	21757466	FBgn0086779	-	4426
2L	21762616	21763234	peak_2043	21758009	21758211	FBgn0032961	+	-4406
2L	21953561	21953943	peak_2051	22105401	22105512	FBgn0040519	-	151459
2L	22145633	22146047	peak_2061	22134332	22135107	FBgn0261802	+	-10527
2R	1649530	1649662	peak_2094	1649615	1649892	FBgn0087011	+	0
2R	4242850	4243066	peak_2102	4242847	4242934	FBgn0262117	-	0
2R	4788566	4788781	peak_2110	4788586	4788642	FBgn0250830	-	0
2R	5128257	5128424	peak_2116	5121982	5122247	FBgn0026238	-	-6011
2R	5259829	5260000	peak_2120	5250965	5251022	FBgn0053554	-	-8808
2R	5307450	5307710	peak_2124	5307287	5307352	FBgn0261403	+	-99
2R	5350618	5351150	peak_2126	5350739	5350808	FBgn0033019	+	0
2R	5604536	5604992	peak_2136	5604754	5604834	FBgn0039969	-	0
2R	5608263	5609494	peak_2137	5608634	5608715	FBgn0039970	+	0
2R	5651831	5652619	peak_2138	5652498	5652815	FBgn0033028	-	0
2R	5709872	5710432	peak_2146	5702111	5702293	FBgn0259978	+	-7580
2R	5753286	5753671	peak_2148	5754516	5754615	FBgn0022288	+	846
2R	5806500	5806978	peak_2155	5782776	5782858	FBgn0025693	-	-23643
2R	5921665	5921846	peak_2159	5980694	5980778	FBgn0002774	-	58849
2R	5986887	5987069	peak_2164	5981843	5982417	FBgn0264959	+	-4471
2R	6012779	6014227	peak_2166	6015576	6015689	FBgn0000043	-	1350
2R	6025972	6027459	peak_2171	6023042	6023144	FBgn0033051	-	-2829
2R	6079724	6080534	peak_2176	6080566	6080572	FBgn0033061	-	33
2R	6113750	6114169	peak_2181	6131065	6131922	FBgn0000546	-	16897
2R	6173528	6173984	peak_2195	6173683	6173715	FBgn0033065	+	0
2R	6195951	6196438	peak_2197	6213941	6214122	FBgn0021847	-	17504
2R	6227449	6227832	peak_2203	6225633	6225724	FBgn0033074	+	-1726
2R	6505406	6505799	peak_2212	6613767	6613870	FBgn0086655	+	107969
2R	6782049	6782713	peak_2237	6781432	6781491	FBgn0000473	-	-559
2R	6911018	6911482	peak_2255	6923365	6923417	FBgn0033117	+	11884
2R	7062999	7063225	peak_2270	7061356	7061732	FBgn0027558	-	-1268
2R	7132067	7132561	peak_2275	7132089	7132139	FBgn0015039	-	0
2R	7159020	7159318	peak_2278	7158147	7158241	FBgn0002930	-	-780
2R	7249861	7250483	peak_2285	7249160	7249420	FBgn0033153	+	-442
2R	7282334	7282653	peak_2291	7277882	7278101	FBgn0033155	-	-4234
2R	7310885	7311270	peak_2294	7311394	7311482	FBgn0033158	+	125
2R	7406037	7406479	peak_2305	7407739	7407819	FBgn0033166	-	1261
2R	7440564	7441007	peak_2309	7440705	7440778	FBgn0033169	+	0
2R	7447408	7447788	peak_2311	7447472	7447653	FBgn0033174	+	0
2R	7453983	7454322	peak_2312	7451445	7451553	FBgn0050502	-	-2431
2R	7629670	7630556	peak_2344	7632840	7633100	FBgn0263046	+	2285
2R	7653669	7653780	peak_2347	7653837	7653954	FBgn0028687	-	58
2R	7710694	7711111	peak_2360	7710452	7710515	FBgn0033214	+	-180
2R	7727137	7727804	peak_2364	7722149	7722655	FBgn0042135	-	-4483
2R	7780345	7780581	peak_2376	7786009	7786265	FBgn0015614	+	5429
2R	7924699	7925017	peak_2388	7924916	7924988	FBgn0033233	-	0
2R	7952256	7952764	peak_2391	7955312	7955882	FBgn0033236	-	2549
2R	7962652	7962939	peak_2398	7962462	7962603	FBgn0027548	+	-50
2R	7982323	7982576	peak_2401	7983741	7984063	FBgn0033246	-	1166
2R	7991954	7992155	peak_2405	7989858	7989952	FBgn0033247	+	-2003
2R	8161729	8162085	peak_2422	8161410	8161565	FBgn0033271	-	-165
2R	8173602	8173727	peak_2427	8173497	8173613	FBgn0033274	-	0
2R	8336077	8336736	peak_2434	8367808	8367927	FBgn0033285	-	31073
2R	8434682	8435212	peak_2438	8442752	8442806	FBgn0033292	-	7541
2R	8446531	8448223	peak_2440	8447450	8447502	FBgn0015034	+	0
2R	8462249	8462950	peak_2442	8462752	8462844	FBgn0050359	+	0
2R	8515407	8515779	peak_2443	8565937	8565978	FBgn0033302	-	50159
2R	8591017	8591621	peak_2449	8590496	8590569	FBgn0033307	+	-449
2R	8607302	8607496	peak_2453	8600414	8600581	FBgn0267792	+	-6722
2R	8655544	8656173	peak_2461	8649648	8650421	FBgn0003892	+	-5124
2R	8729593	8730704	peak_2473	8729465	8729501	FBgn0050356	-	-93
2R	8731400	8732345	peak_2475	8733308	8733436	FBgn0086784	-	964
2R	8797436	8797868	peak_2477	8735809	8736408	FBgn0027585	+	-61029
2R	8856406	8856672	peak_2479	8860398	8860430	FBgn0011286	+	3727
2R	8937244	8937754	peak_2494	8939753	8939789	FBgn0033354	-	2000
2R	8943268	8944124	peak_2495	8940414	8940468	FBgn0033355	+	-2801
2R	8948751	8949404	peak_2498	8947271	8947344	FBgn0027607	-	-1408
2R	8977868	8978565	peak_2503	8952338	8952971	FBgn0011300	+	-24898
2R	9143447	9143708	peak_2521	9143797	9143914	FBgn0086656	-	90
2R	9158190	9158807	peak_2526	9161162	9161436	FBgn0033387	-	2356
2R	9303200	9303691	peak_2545	9307794	9308722	FBgn0033402	-	4104
2R	9388299	9388582	peak_2547	9398631	9398734	FBgn0028473	-	10050
2R	9539831	9540045	peak_2565	9546903	9546958	FBgn0033421	-	6859
2R	9603055	9603874	peak_2581	9603720	9603881	FBgn0033434	+	0
2R	10155572	10155815	peak_2641	10158049	10158584	FBgn0265512	-	2235
2R	10256072	10256328	peak_2655	10256685	10256856	FBgn0033501	+	358
2R	10281244	10281575	peak_2659	10303000	10303046	FBgn0033504	+	21426
2R	10362212	10362529	peak_2664	10362184	10362304	FBgn0041242	+	0
2R	10581726	10582132	peak_2688	10557887	10558533	FBgn0263102	+	-23194
2R	10604147	10604351	peak_2691	10617661	10617836	FBgn0033538	+	13311
2R	10740163	10740401	peak_2699	10739720	10739829	FBgn0024956	-	-335
2R	10767718	10768206	peak_2700	10782319	10782869	FBgn0053144	-	14114
2R	10835624	10835887	peak_2714	10835647	10835709	FBgn0033558	-	0
2R	11034142	11034624	peak_2728	11105906	11106816	FBgn0040765	-	71283
2R	11159461	11159852	peak_2740	11149777	11150068	FBgn0033581	-	-9394
2R	11242881	11243875	peak_2752	11232153	11232516	FBgn0050021	-	-10366
2R	11467889	11468394	peak_2779	11452188	11452383	FBgn0000581	+	-15507
2R	11582044	11582304	peak_2782	11615578	11616045	FBgn0033636	-	33275
2R	11688559	11688837	peak_2813	11690812	11690863	FBgn0010516	-	1976
2R	11722751	11723364	peak_2820	11712262	11713128	FBgn0033649	+	-9624
2R	11839282	11839796	peak_2829	11839353	11839544	FBgn0033654	-	0
2R	12038687	12038809	peak_2852	12039040	12039118	FBgn0004463	+	232
2R	12171827	12172036	peak_2864	12174116	12174264	FBgn0014184	-	2081
2R	12183847	12184124	peak_2871	12184189	12184310	FBgn0000426	-	66
2R	12187261	12190187	peak_2873	12185666	12185825	FBgn0025454	+	-1437
2R	12269598	12270011	peak_2879	12260031	12260185	FBgn0000253	+	-9414
2R	12279309	12279694	peak_2880	12279770	12280287	FBgn0261611	+	77
2R	12409630	12409921	peak_2891	12416043	12416454	FBgn0033732	+	6123
2R	12423475	12423848	peak_2892	12423560	12423709	FBgn0033734	+	0
2R	12425157	12425360	peak_2893	12425591	12425710	FBgn0033735	+	232
2R	12466878	12467067	peak_2899	12468650	12468752	FBgn0033741	+	1584
2R	12535457	12535925	peak_2907	12529052	12529726	FBgn0011592	+	-5732
2R	12609129	12609456	peak_2916	12615787	12615829	FBgn0004435	+	6332
2R	12633511	12633657	peak_2920	12633588	12633676	FBgn0028683	+	0
2R	12649135	12649457	peak_2925	12647875	12648224	FBgn0033760	-	-912
2R	12650691	12651211	peak_2926	12652405	12652487	FBgn0033761	-	1195
2R	12690758	12690933	peak_2930	12690920	12690955	FBgn0050052	-	0
2R	12724603	12724879	peak_2934	12705171	12705636	FBgn0261545	+	-18968
2R	12745927	12746224	peak_2936	12755075	12755177	FBgn0026619	-	8852
2R	12940375	12940797	peak_2954	12944232	12944388	FBgn0004512	-	3436
2R	12978122	12978513	peak_2960	12980047	12980994	FBgn0005624	-	1535
2R	12998546	12998948	peak_2965	12996500	12996811	FBgn0265623	+	-1736
2R	13222644	13223005	peak_2990	13222432	13223045	FBgn0011763	+	0
2R	13226550	13226956	peak_2993	13229958	13230234	FBgn0033812	-	3003
2R	13427035	13427783	peak_3004	13429788	13429895	FBgn0259221	-	2006
2R	13463096	13463359	peak_3012	13450585	13450824	FBgn0086757	+	-12273
2R	13507729	13507988	peak_3019	13507556	13507658	FBgn0024556	+	-72
2R	13589003	13589447	peak_3032	13592893	13593339	FBgn0027581	-	3447
2R	13644993	13645326	peak_3035	13593643	13593725	FBgn0033859	+	-51269
2R	13773209	13773802	peak_3037	13769914	13769973	FBgn0033867	+	-3237
2R	13791689	13792313	peak_3039	13779942	13780245	FBgn0033868	-	-11445
2R	13895586	13896945	peak_3046	13897547	13897701	FBgn0013733	-	603
2R	14035564	14036132	peak_3080	14009198	14009238	FBgn0002643	+	-26327
2R	14126828	14127302	peak_3086	14139788	14140902	FBgn0040752	-	12487
2R	14214883	14215056	peak_3096	14216533	14216578	FBgn0033912	-	1478
2R	14235141	14235268	peak_3100	14235314	14235449	FBgn0261276	-	47
2R	14245956	14246254	peak_3103	14243777	14243937	FBgn0033917	+	-2020
2R	14289365	14289657	peak_3110	14289538	14289659	FBgn0263397	+	0
2R	14334426	14334785	peak_3121	14332383	14332888	FBgn0085408	+	-1539
2R	14516511	14517044	peak_3134	14515128	14515211	FBgn0033942	-	-1301
2R	14533346	14533923	peak_3138	14526575	14527191	FBgn0265974	+	-6156
2R	14581994	14582153	peak_3142	14575625	14575771	FBgn0010397	-	-6224
2R	14606463	14607115	peak_3147	14606959	14606980	FBgn0053468	-	0
2R	14699076	14699547	peak_3153	14666691	14666817	FBgn0033954	-	-32260
2R	14765881	14766241	peak_3157	14769277	14769423	FBgn0020767	-	3037
2R	14884669	14884939	peak_3172	14886865	14886947	FBgn0288232	-	1927
2R	14910389	14910789	peak_3176	14912072	14912219	FBgn0027596	-	1284
2R	14991019	14991658	peak_3190	14992035	14992230	FBgn0033989	-	378
2R	14995921	14996285	peak_3194	14993751	14993835	FBgn0033990	-	-2087
2R	15054454	15055064	peak_3196	15013499	15013522	FBgn0262547	-	-40933
2R	15145488	15145633	peak_3203	15145440	15145519	FBgn0262954	-	0
2R	15218315	15218650	peak_3212	15218380	15218463	FBgn0034002	+	0
2R	15271371	15271952	peak_3217	15252649	15252822	FBgn0286785	+	-18550
2R	15272805	15273185	peak_3218	15290955	15291302	FBgn0265194	-	17771
2R	15310824	15310945	peak_3222	15311050	15311134	FBgn0034008	-	106
2R	15409397	15410089	peak_3232	15408845	15408875	FBgn0014865	+	-523
2R	15480815	15481408	peak_3234	15482417	15482834	FBgn0034021	-	1010
2R	15746362	15746645	peak_3260	15735495	15735762	FBgn0050089	+	-10601
2R	15953424	15953560	peak_3284	15952356	15952518	FBgn0265045	-	-907
2R	16021490	16021948	peak_3295	16017736	16017857	FBgn0034067	+	-3634
2R	16106196	16106413	peak_3300	16102686	16102820	FBgn0014020	+	-3377
2R	16122602	16123155	peak_3303	16124980	16125376	FBgn0086676	+	1826
2R	16138603	16139263	peak_3308	16138678	16138775	FBgn0001124	+	0
2R	16320297	16320568	peak_3330	16320657	16320732	FBgn0034113	-	90
2R	16337915	16338614	peak_3334	16338301	16338436	FBgn0010611	+	0
2R	16553851	16554157	peak_3341	16552257	16552621	FBgn0034135	+	-1231
2R	16595104	16595571	peak_3353	16594090	16594646	FBgn0034142	-	-459
2R	16627896	16628177	peak_3356	16637647	16637975	FBgn0040505	-	9471
2R	17090534	17090808	peak_3400	17091512	17091609	FBgn0010591	-	705
2R	17107710	17108194	peak_3405	17108843	17108992	FBgn0034194	+	650
2R	17139866	17140122	peak_3409	17139872	17139931	FBgn0262563	-	0
2R	17469809	17470175	peak_3447	17469623	17469717	FBgn0022987	+	-93
2R	17783737	17784106	peak_3482	17781769	17781930	FBgn0028741	-	-1808
2R	17784300	17784569	peak_3483	17786134	17786202	FBgn0026309	+	1566
2R	17852288	17852709	peak_3489	17853294	17853340	FBgn0050323	+	586
2R	18172509	18172657	peak_3510	18172437	18172607	FBgn0027836	-	0
2R	18290042	18290635	peak_3516	18293845	18293874	FBgn0034321	+	3211
2R	18354678	18354918	peak_3526	18357137	18357296	FBgn0285917	-	2220
2R	18407621	18407888	peak_3533	18407833	18407859	FBgn0063492	+	0
2R	18422740	18423221	peak_3538	18421412	18421543	FBgn0034345	+	-1198
2R	18445611	18446053	peak_3544	18446547	18446637	FBgn0034350	+	495
2R	18554156	18554279	peak_3555	18536766	18537037	FBgn0003067	+	-17120
2R	18668329	18668649	peak_3571	18672945	18673536	FBgn0023214	-	4297
2R	18933707	18934863	peak_3603	18971008	18971133	FBgn0014269	-	36146
2R	19191698	19192356	peak_3620	19178737	19178872	FBgn0263395	+	-12827
2R	19297729	19298309	peak_3631	19292528	19292860	FBgn0086358	+	-4870
2R	19405753	19406073	peak_3643	19396662	19396772	FBgn0034443	-	-8982
2R	19504598	19505473	peak_3664	19503067	19503187	FBgn0034455	+	-1412
2R	19548875	19549225	peak_3666	19552070	19552110	FBgn0262571	+	2846
2R	19633003	19633362	peak_3676	19631036	19631508	FBgn0003435	-	-1496
2R	19670790	19670914	peak_3678	19670617	19670754	FBgn0028372	+	-37
2R	19783962	19784363	peak_3687	19784020	19784043	FBgn0034474	-	0
2R	19857897	19858344	peak_3691	19868087	19868115	FBgn0043532	+	9744
2R	20020957	20021400	peak_3696	19979241	19979309	FBgn0034479	+	-41649
2R	20124925	20125425	peak_3706	20111510	20111884	FBgn0287775	+	-13042
2R	20149349	20149780	peak_3708	20146117	20146146	FBgn0034481	+	-3204
2R	20227150	20227380	peak_3711	20245249	20245388	FBgn0034488	-	17870
2R	20250820	20251381	peak_3714	20253885	20253965	FBgn0034490	-	2505
2R	20489402	20489741	peak_3729	20503583	20503666	FBgn0034509	+	13843
2R	20582007	20582276	peak_3738	20582029	20582132	FBgn0028622	-	0
2R	20603225	20603581	peak_3741	20618066	20618217	FBgn0050147	-	14486
2R	20668346	20668828	peak_3751	20667194	20667306	FBgn0034542	-	-1041
2R	20672096	20672952	peak_3753	20671203	20671383	FBgn0034543	+	-714
2R	20966937	20967527	peak_3765	20977055	20977154	FBgn0034564	+	9529
2R	21067065	21067452	peak_3778	21067058	21067087	FBgn0022700	-	0
2R	21086679	21087014	peak_3787	21084334	21084540	FBgn0003748	+	-2140
2R	21138762	21139116	peak_3793	21141538	21141964	FBgn0034590	-	2423
2R	21159179	21159546	peak_3797	21160096	21160401	FBgn0050389	-	551
2R	21238576	21238935	peak_3811	21223786	21223854	FBgn0034606	-	-14723
2R	21500902	21501279	peak_3840	21501624	21501732	FBgn0034631	-	346
2R	21516260	21516865	peak_3845	21519005	21519125	FBgn0034634	-	2141
2R	21541019	21541647	peak_3850	21522419	21523088	FBgn0003731	+	-17932
2R	21578005	21578709	peak_3853	21575981	21576035	FBgn0034636	-	-1971
2R	21599717	21600092	peak_3856	21606792	21606957	FBgn0034638	-	6701
2R	21675424	21675896	peak_3873	21676073	21676514	FBgn0050263	+	178
2R	22178616	22178749	peak_3917	22178617	22178645	FBgn0034705	-	0
2R	22188728	22189433	peak_3921	22185971	22186091	FBgn0034708	+	-2638
2R	22199850	22200491	peak_3924	22193033	22193155	FBgn0034709	-	-6696
2R	22247415	22247550	peak_3933	22243962	22244681	FBgn0020307	+	-2735
2R	22372961	22373596	peak_3940	22375089	22375191	FBgn0034722	+	1494
2R	22549876	22550208	peak_3956	22550093	22550207	FBgn0034736	+	0
2R	22572799	22572971	peak_3962	22561918	22562065	FBgn0003175	-	-10735
2R	22588542	22588851	peak_3965	22592410	22592964	FBgn0260866	-	3560
2R	22598028	22598561	peak_3968	22599337	22599438	FBgn0034741	+	777
2R	22654459	22654751	peak_3978	22654418	22654530	FBgn0034756	-	0
2R	22693717	22694119	peak_3993	22688721	22688987	FBgn0020257	-	-4731
2R	22926381	22926573	peak_4011	22926552	22926625	FBgn0261564	+	0
2R	22952352	22952486	peak_4015	22940743	22940946	FBgn0034804	-	-11407
2R	22977842	22978223	peak_4016	22985314	22985334	FBgn0052833	-	7092
2R	23089110	23090300	peak_4032	23078973	23079038	FBgn0034817	-	-10073
2R	23183904	23185296	peak_4036	23184407	23184466	FBgn0034833	+	0
2R	23232002	23232642	peak_4037	23211498	23211539	FBgn0034834	-	-20464
2R	23396225	23396505	peak_4050	23396452	23396680	FBgn0028497	-	0
2R	23546448	23547091	peak_4063	23547610	23547988	FBgn0034876	-	520
2R	23603594	23603924	peak_4070	23601732	23601773	FBgn0260455	-	-1822
2R	23644165	23644629	peak_4077	23632609	23633177	FBgn0004795	+	-10989
2R	23680247	23680656	peak_4081	23681622	23681703	FBgn0034887	+	967
2R	23817339	23817612	peak_4095	23818064	23818327	FBgn0034909	-	453
2R	24025876	24026847	peak_4137	24026545	24026616	FBgn0011695	+	0
2R	24113958	24114107	peak_4152	24114006	24114292	FBgn0034976	-	0
2R	24139286	24140345	peak_4158	24139562	24139861	FBgn0287831	+	0
2R	24209803	24210103	peak_4169	24197823	24198100	FBgn0034989	+	-11704
2R	24388821	24389145	peak_4183	24402560	24402680	FBgn0035001	-	13416
2R	24546702	24547795	peak_4198	24543695	24544090	FBgn0035023	+	-2613
2R	24789725	24790321	peak_4226	24787290	24787411	FBgn0041205	-	-2315
2R	24920521	24921774	peak_4236	24928244	24928275	FBgn0060296	-	6471
2R	24958831	24959209	peak_4243	24964571	24965076	FBgn0035087	-	5363
2R	25005329	25005655	peak_4248	25011375	25011463	FBgn0287873	-	5721
2R	25194860	25195042	peak_4264	25188776	25188808	FBgn0035094	-	-6053
3L	91815	92427	peak_4272	141555	141691	FBgn0020386	+	49129
3L	190014	190170	peak_4287	184625	184863	FBgn0027786	+	-5152
3L	227237	227754	peak_4297	224105	224253	FBgn0053229	+	-2985
3L	315856	316192	peak_4306	318990	319884	FBgn0004373	-	2799
3L	342780	343197	peak_4312	342815	342915	FBgn0035132	-	0
3L	379023	379232	peak_4318	361471	361657	FBgn0035137	+	-17367
3L	508720	509583	peak_4330	489952	490823	FBgn0001316	-	-17898
3L	548804	549235	peak_4334	543059	543277	FBgn0035142	+	-5528
3L	582692	583254	peak_4340	588962	589274	FBgn0035144	-	5709
3L	630055	630263	peak_4348	648773	649051	FBgn0035147	+	18511
3L	765654	766183	peak_4368	749399	749663	FBgn0000575	+	-15992
3L	834456	834813	peak_4377	834092	834176	FBgn0260755	+	-281
3L	954199	954611	peak_4392	959659	959970	FBgn0264574	+	5049
3L	1040367	1040920	peak_4399	1035184	1035373	FBgn0035181	+	-4995
3L	1307734	1307986	peak_4423	1307547	1307699	FBgn0035205	+	-36
3L	1351661	1352514	peak_4435	1351115	1351185	FBgn0029514	+	-477
3L	1599689	1600676	peak_4464	1602571	1602674	FBgn0035238	-	1896
3L	1839520	1839787	peak_4484	1857164	1857244	FBgn0035283	+	17378
3L	1887350	1887912	peak_4492	1885656	1885846	FBgn0262624	+	-1505
3L	1923037	1923260	peak_4496	1938440	1938740	FBgn0035293	-	15181
3L	2116659	2117167	peak_4506	2115399	2115611	FBgn0086906	-	-1049
3L	2149696	2150829	peak_4510	2151609	2151700	FBgn0052311	-	781
3L	2337034	2337854	peak_4524	2371662	2371939	FBgn0035333	-	33809
3L	2380707	2381329	peak_4528	2377432	2377556	FBgn0035337	-	-3152
3L	2503235	2503827	peak_4541	2503273	2503606	FBgn0035348	-	0
3L	2552933	2553447	peak_4545	2554057	2554292	FBgn0010905	-	611
3L	2576682	2577573	peak_4549	2586402	2586540	FBgn0010909	-	8830
3L	2641521	2642183	peak_4557	2632274	2632466	FBgn0035357	+	-9056
3L	2724197	2724406	peak_4560	2739749	2739772	FBgn0020509	+	15344
3L	2763780	2764211	peak_4564	2766257	2766536	FBgn0052296	-	2047
3L	2823140	2824162	peak_4576	2782254	2782413	FBgn0035375	+	-40728
3L	3056318	3056639	peak_4590	3055078	3055155	FBgn0035393	+	-1164
3L	3131046	3131598	peak_4599	3127652	3127724	FBgn0026189	-	-3323
3L	3311345	3311651	peak_4626	3315619	3315636	FBgn0052282	+	3969
3L	3451610	3452418	peak_4637	3460242	3460603	FBgn0026259	-	7825
3L	3772202	3772765	peak_4663	3765642	3765731	FBgn0052264	-	-6472
3L	3825181	3825939	peak_4674	3825448	3825523	FBgn0064227	+	0
3L	3859311	3859896	peak_4678	3846205	3846741	FBgn0013751	+	-12571
3L	3894500	3894721	peak_4680	3892730	3892845	FBgn0026592	+	-1656
3L	4173014	4174140	peak_4712	4170403	4170651	FBgn0261274	+	-2364
3L	4355108	4355352	peak_4732	4364000	4364102	FBgn0035533	-	8649
3L	4616498	4616731	peak_4755	4625936	4626132	FBgn0262733	-	9206
3L	4701653	4702017	peak_4763	4694739	4694845	FBgn0035569	-	-6809
3L	5051481	5051928	peak_4776	5134219	5134390	FBgn0035593	+	82292
3L	5141589	5141733	peak_4780	5141550	5141646	FBgn0035588	-	0
3L	5142276	5143539	peak_4781	5141952	5142304	FBgn0035587	+	0
3L	5242918	5243291	peak_4788	5277613	5277944	FBgn0052423	-	34323
3L	5567453	5568123	peak_4805	5565230	5565371	FBgn0040239	+	-2083
3L	5574243	5574864	peak_4806	5577150	5577348	FBgn0015766	-	2287
3L	5600223	5601050	peak_4812	5603798	5603979	FBgn0035622	-	2749
3L	5606486	5606668	peak_4814	5608233	5608300	FBgn0035624	-	1566
3L	5663922	5664584	peak_4825	5666848	5667034	FBgn0085447	+	2265
3L	5718890	5719624	peak_4826	5751845	5752189	FBgn0263106	-	32222
3L	5774353	5774870	peak_4833	5777265	5777333	FBgn0052418	-	2396
3L	5944728	5945184	peak_4853	5932524	5932612	FBgn0002638	-	-12117
3L	5998415	5998574	peak_4854	5975737	5976007	FBgn0035656	-	-22409
3L	6068015	6068543	peak_4859	6066295	6066494	FBgn0259164	+	-1522
3L	6249407	6249614	peak_4872	6245629	6245746	FBgn0004513	-	-3662
3L	6253519	6254134	peak_4875	6256546	6256665	FBgn0035696	-	2413
3L	6329743	6330139	peak_4882	6350275	6350309	FBgn0259969	+	20137
3L	6577202	6578022	peak_4893	6589391	6589479	FBgn0263973	-	11370
3L	6615395	6615842	peak_4896	6609324	6609469	FBgn0035708	+	-5927
3L	6709833	6710236	peak_4903	6704859	6705482	FBgn0035711	+	-4352
3L	6744448	6744898	peak_4907	6743025	6743164	FBgn0261934	-	-1285
3L	6884233	6884722	peak_4917	6914689	6914876	FBgn0041194	-	29968
3L	6962107	6963310	peak_4923	6964546	6964758	FBgn0261445	-	1237
3L	6978369	6978694	peak_4930	6979638	6980044	FBgn0001104	-	945
3L	7123950	7124703	peak_4935	7125422	7125533	FBgn0002775	-	720
3L	7160594	7161136	peak_4944	7158099	7158246	FBgn0040837	+	-2349
3L	7239816	7240460	peak_4947	7241228	7241257	FBgn0035753	-	769
3L	7362526	7364423	peak_4965	7360560	7360907	FBgn0035771	+	-1620
3L	7495881	7496428	peak_4976	7496185	7496197	FBgn0015033	-	0
3L	7639247	7639414	peak_4988	7640441	7640446	FBgn0053276	-	1028
3L	7753034	7753387	peak_4995	7754408	7754529	FBgn0035817	+	1022
3L	7862259	7862612	peak_5014	7869041	7869591	FBgn0052365	+	6430
3L	7899089	7899740	peak_5022	7899268	7899436	FBgn0003041	-	0
3L	7929168	7929813	peak_5028	7935479	7936120	FBgn0024187	-	5667
3L	8011732	8012181	peak_5034	7979045	7979173	FBgn0011817	+	-32560
3L	8108262	8108496	peak_5048	8109131	8109277	FBgn0028379	+	636
3L	8159166	8159310	peak_5060	8158756	8158900	FBgn0259916	-	-267
3L	8297150	8297824	peak_5067	8297168	8297259	FBgn0015793	+	0
3L	8398910	8399456	peak_5081	8395999	8396185	FBgn0035888	+	-2726
3L	8519247	8519446	peak_5096	8518884	8518953	FBgn0035904	+	-295
3L	8570485	8570655	peak_5108	8575995	8576078	FBgn0035911	-	5341
3L	8584170	8584373	peak_5113	8585500	8585689	FBgn0262508	+	1128
3L	8749286	8749398	peak_5130	8749636	8749726	FBgn0040828	-	239
3L	8772820	8773955	peak_5134	8766441	8766629	FBgn0266084	+	-6192
3L	8924930	8925346	peak_5141	8912541	8912745	FBgn0035936	+	-12186
3L	8949873	8950257	peak_5145	8952818	8953234	FBgn0264305	-	2562
3L	8966998	8967303	peak_5150	8966828	8966968	FBgn0035944	+	-31
3L	9042555	9043317	peak_5159	9041828	9041897	FBgn0028789	+	-659
3L	9054647	9055081	peak_5162	9053519	9053561	FBgn0000116	-	-1087
3L	9101929	9102786	peak_5170	9096876	9097010	FBgn0040827	+	-4920
3L	9340901	9341176	peak_5184	9340437	9340589	FBgn0035976	+	-313
3L	9413231	9413560	peak_5199	9411037	9411275	FBgn0035987	+	-1957
3L	9495064	9495641	peak_5221	9487704	9487790	FBgn0036005	-	-7275
3L	9582952	9583608	peak_5227	9583549	9583642	FBgn0261555	+	0
3L	9654053	9654700	peak_5231	9644108	9644835	FBgn0053696	+	-9219
3L	9839465	9840187	peak_5251	9838605	9838670	FBgn0015618	-	-796
3L	9871584	9872151	peak_5257	9864638	9864802	FBgn0027567	+	-6783
3L	9893485	9894459	peak_5260	9893780	9893890	FBgn0036056	-	0
3L	10113896	10114326	peak_5267	10201657	10201837	FBgn0000451	-	87332
3L	10442285	10442624	peak_5281	10463026	10463101	FBgn0011802	-	20403
3L	10538206	10538731	peak_5288	10516002	10516162	FBgn0052062	+	-22045
3L	10658830	10659056	peak_5293	10660782	10661013	FBgn0052066	-	1727
3L	10678530	10678676	peak_5302	10691023	10691175	FBgn0036099	+	12348
3L	10698203	10698546	peak_5312	10696644	10696877	FBgn0036101	-	-1327
3L	10762032	10762759	peak_5321	10801189	10801229	FBgn0036102	+	38431
3L	10880006	10880524	peak_5332	10879084	10879169	FBgn0036105	+	-838
3L	10882788	10882942	peak_5333	10882889	10882962	FBgn0036107	+	0
3L	11050032	11050655	peak_5344	11054034	11054359	FBgn0036116	+	3380
3L	11079911	11080275	peak_5349	11074768	11074860	FBgn0036124	+	-5052
3L	11125871	11126015	peak_5360	11123347	11123466	FBgn0260795	+	-2406
3L	11185243	11185534	peak_5365	11173513	11173574	FBgn0036143	+	-11670
3L	11239059	11239556	peak_5376	11235938	11236218	FBgn0036150	-	-2842
3L	11274255	11274648	peak_5387	11294588	11294788	FBgn0036152	-	19941
3L	11554737	11555054	peak_5419	11561898	11562233	FBgn0259481	-	6845
3L	11631325	11631514	peak_5428	11631391	11631590	FBgn0052091	+	0
3L	11663525	11663745	peak_5434	11648755	11648840	FBgn0036188	+	-14686
3L	11683614	11683793	peak_5439	11683979	11684581	FBgn0036191	+	187
3L	11702986	11703862	peak_5442	11708407	11708553	FBgn0036196	-	4546
3L	11778004	11778195	peak_5449	11777072	11777221	FBgn0036205	+	-784
3L	11854994	11856537	peak_5458	11863162	11863447	FBgn0266100	-	6626
3L	12075655	12076171	peak_5474	12081351	12081830	FBgn0284221	-	5181
3L	12105136	12105419	peak_5477	12116100	12116231	FBgn0011335	+	10682
3L	12119939	12120103	peak_5479	12120018	12120081	FBgn0036249	+	0
3L	12124153	12124542	peak_5482	12124886	12125150	FBgn0022959	-	345
3L	12233101	12233315	peak_5492	12206005	12206022	FBgn0036266	-	-27080
3L	12264251	12264531	peak_5494	12266654	12266841	FBgn0260941	-	2124
3L	12537260	12537402	peak_5521	12537222	12537315	FBgn0036301	-	0
3L	12741740	12741852	peak_5533	12742043	12742131	FBgn0052112	+	192
3L	12792408	12792660	peak_5541	12790191	12790249	FBgn0261674	+	-2160
3L	12800526	12800829	peak_5544	12804444	12805116	FBgn0260945	-	3616
3L	12838842	12839435	peak_5550	12842779	12843106	FBgn0036316	-	3345
3L	13178770	13179166	peak_5572	13228691	13229140	FBgn0023095	+	49526
3L	13450195	13450371	peak_5589	13450259	13450283	FBgn0036366	-	0
3L	13997134	13997489	peak_5618	13997190	13997205	FBgn0036395	+	0
3L	14216828	14217309	peak_5645	14218203	14218290	FBgn0036415	+	895
3L	14242912	14243119	peak_5647	14235639	14235720	FBgn0085273	-	-7193
3L	14330025	14330523	peak_5650	14329345	14329436	FBgn0036419	+	-590
3L	14383044	14384222	peak_5656	14381912	14381964	FBgn0262580	+	-1081
3L	14426385	14426769	peak_5662	14427267	14427378	FBgn0087007	-	499
3L	14514236	14514816	peak_5669	14517824	14517991	FBgn0036426	+	3009
3L	14536137	14536393	peak_5671	14537650	14537702	FBgn0026409	+	1258
3L	14673471	14673770	peak_5691	14698320	14698600	FBgn0036440	-	24551
3L	14978678	14978973	peak_5712	14979619	14979637	FBgn0036459	+	647
3L	14984769	14984939	peak_5714	14982834	14982934	FBgn0036460	+	-1836
3L	15048183	15048633	peak_5721	15049462	15049495	FBgn0263761	-	830
3L	15101594	15102014	peak_5726	15098134	15098350	FBgn0266452	+	-3245
3L	15137876	15138178	peak_5732	15136473	15136934	FBgn0036483	-	-943
3L	15153656	15154270	peak_5736	15150505	15150710	FBgn0036485	+	-2947
3L	15241224	15241511	peak_5746	15235618	15236120	FBgn0029114	+	-5105
3L	15500027	15500492	peak_5761	15500937	15501090	FBgn0036501	+	446
3L	15512938	15513376	peak_5769	15511051	15511118	FBgn0000565	+	-1821
3L	15627376	15627837	peak_5794	15619900	15620037	FBgn0036522	+	-7340
3L	15647881	15648305	peak_5803	15647617	15647762	FBgn0259236	-	-120
3L	15680186	15680511	peak_5805	15683297	15683445	FBgn0036528	-	2787
3L	15696580	15697029	peak_5811	15699661	15699850	FBgn0041160	-	2633
3L	15728085	15728589	peak_5814	15728204	15728430	FBgn0010105	-	0
3L	15823656	15824296	peak_5820	15825579	15826423	FBgn0036534	-	1284
3L	15832104	15832539	peak_5825	15832463	15832527	FBgn0036536	+	0
3L	15975223	15975475	peak_5834	15975367	15975457	FBgn0036550	+	0
3L	16042128	16042372	peak_5845	16046484	16046846	FBgn0260635	-	4113
3L	16153361	16153887	peak_5861	16149289	16149309	FBgn0036576	-	-4053
3L	16196569	16196984	peak_5866	16228627	16228737	FBgn0263605	-	31644
3L	16237559	16238192	peak_5872	16237722	16237757	FBgn0263608	+	0
3L	16318629	16318856	peak_5874	16318023	16318057	FBgn0042201	+	-573
3L	16584457	16584572	peak_5904	16584272	16584399	FBgn0250814	+	-59
3L	16587483	16587894	peak_5906	16587288	16587368	FBgn0052163	+	-116
3L	16588727	16589003	peak_5908	16588556	16588851	FBgn0002283	+	0
3L	16613029	16613460	peak_5915	16612485	16612575	FBgn0025558	+	-455
3L	16644077	16644422	peak_5918	16647143	16647882	FBgn0000017	-	2722
3L	16713726	16714410	peak_5927	16713659	16714211	FBgn0000414	+	0
3L	16863082	16863209	peak_5944	16863163	16863245	FBgn0036671	+	0
3L	16884165	16884350	peak_5949	16877308	16877458	FBgn0052170	+	-6708
3L	16930567	16930836	peak_5954	16911265	16911451	FBgn0261565	+	-19117
3L	16985584	16986067	peak_5962	16976343	16976771	FBgn0261547	+	-8814
3L	16989508	16989790	peak_5964	17002221	17002360	FBgn0036684	-	12432
3L	17052811	17053255	peak_5978	17051276	17051409	FBgn0036697	+	-1403
3L	17123923	17124420	peak_5980	17055612	17055677	FBgn0036698	+	-68247
3L	17374266	17374867	peak_5988	17379345	17379530	FBgn0036715	-	4479
3L	17534479	17534698	peak_6006	17530080	17530422	FBgn0259174	+	-4058
3L	17567095	17567249	peak_6012	17557072	17557788	FBgn0025455	-	-9308
3L	17616818	17617190	peak_6024	17618650	17619325	FBgn0000567	-	1461
3L	17676103	17676376	peak_6040	17668106	17669234	FBgn0036746	-	-6870
3L	17898676	17899077	peak_6055	17895765	17895862	FBgn0036769	-	-2815
3L	17915077	17915448	peak_6061	17912311	17912565	FBgn0036772	-	-2513
3L	17968693	17969293	peak_6070	17961068	17961814	FBgn0000568	-	-6880
3L	18004966	18005182	peak_6075	18040316	18040419	FBgn0052192	+	35135
3L	18167224	18167407	peak_6100	18185122	18185641	FBgn0003997	-	17716
3L	18401491	18401678	peak_6116	18398235	18398435	FBgn0011706	-	-3057
3L	18473734	18474296	peak_6121	18472364	18472384	FBgn0028416	-	-1351
3L	18612852	18613439	peak_6129	18611899	18611977	FBgn0052199	+	-876
3L	18666408	18667838	peak_6136	18667360	18667434	FBgn0260027	+	0
3L	18686044	18686545	peak_6143	18686293	18686319	FBgn0036806	-	0
3L	18753773	18754212	peak_6146	18748686	18748817	FBgn0036813	+	-4957
3L	18816032	18816682	peak_6157	18820399	18820675	FBgn0036814	-	3718
3L	18904619	18904731	peak_6178	18904794	18904930	FBgn0027057	-	64
3L	19017235	19017525	peak_6186	19000520	19000608	FBgn0036838	-	-16628
3L	19071323	19071873	peak_6194	19063164	19063700	FBgn0036843	+	-7624
3L	19100090	19100406	peak_6202	19100269	19100355	FBgn0036850	-	0
3L	19155902	19156314	peak_6206	19169843	19170648	FBgn0016797	-	13530
3L	19278245	19278558	peak_6217	19268848	19268913	FBgn0036857	-	-9333
3L	19334608	19335295	peak_6220	19294766	19295098	FBgn0028380	+	-39511
3L	19483079	19483290	peak_6224	19487559	19487953	FBgn0052212	+	4270
3L	19616019	19616758	peak_6230	19618445	19618521	FBgn0260655	-	1688
3L	19676870	19677581	peak_6238	19687235	19687353	FBgn0036900	-	9655
3L	19777441	19777942	peak_6240	19793427	19793569	FBgn0266136	-	15486
3L	19806267	19806388	peak_6245	19806094	19806201	FBgn0036909	+	-67
3L	19806912	19807022	peak_6246	19807146	19807199	FBgn0040786	-	125
3L	19845185	19845367	peak_6253	19848164	19848353	FBgn0020389	+	2798
3L	19904587	19905088	peak_6261	19909246	19909410	FBgn0014037	-	4159
3L	19926166	19926965	peak_6267	19924942	19925060	FBgn0036919	+	-1107
3L	19929716	19930311	peak_6269	19928742	19928908	FBgn0036921	+	-809
3L	19941722	19942039	peak_6271	19939286	19939542	FBgn0004852	+	-2181
3L	20258520	20259076	peak_6292	20259985	20260249	FBgn0265959	+	910
3L	20290752	20292082	peak_6293	20296900	20296971	FBgn0036964	-	4819
3L	20393271	20393632	peak_6305	20393481	20393553	FBgn0053969	-	0
3L	20496765	20497050	peak_6322	20495346	20495479	FBgn0037001	+	-1287
3L	20564067	20564573	peak_6338	20540133	20540417	FBgn0037012	-	-23651
3L	20647922	20648503	peak_6340	20695074	20695378	FBgn0001320	-	46572
3L	20733587	20734832	peak_6342	20730590	20730870	FBgn0037016	+	-2718
3L	20950346	20950533	peak_6364	20949301	20949512	FBgn0011591	-	-835
3L	20980842	20981363	peak_6367	20966714	20966762	FBgn0037040	-	-14081
3L	21013082	21013262	peak_6371	21027295	21027434	FBgn0003415	-	14034
3L	21048326	21048803	peak_6381	21058831	21059071	FBgn0026179	+	10029
3L	21168927	21169209	peak_6394	21171651	21171930	FBgn0024150	-	2443
3L	21177222	21177729	peak_6397	21175780	21176528	FBgn0021760	+	-695
3L	21196444	21196575	peak_6398	21196702	21196769	FBgn0041100	-	128
3L	21258757	21259272	peak_6407	21258019	21258048	FBgn0262854	+	-710
3L	21399002	21399632	peak_6422	21382500	21383084	FBgn0261258	+	-15919
3L	21459123	21459704	peak_6428	21445833	21446023	FBgn0267849	+	-13101
3L	21703538	21704055	peak_6459	21684018	21684042	FBgn0261059	-	-19497
3L	21886922	21887421	peak_6473	21879576	21879941	FBgn0262737	+	-6982
3L	21951418	21952055	peak_6484	21955109	21955301	FBgn0037144	+	3055
3L	21998092	21998638	peak_6488	21985209	21985248	FBgn0000045	+	-12845
3L	22021001	22021350	peak_6491	22028181	22028325	FBgn0037147	-	6832
3L	22032108	22032693	peak_6493	22035002	22035565	FBgn0004514	+	2310
3L	22127585	22128659	peak_6501	22136089	22136809	FBgn0037153	+	7431
3L	22243968	22244501	peak_6505	22262753	22262921	FBgn0028500	-	18253
3L	22269907	22270375	peak_6512	22267567	22267752	FBgn0004179	+	-2156
3L	22315423	22316110	peak_6516	22288664	22288740	FBgn0027086	+	-26684
3L	22471877	22472393	peak_6535	22470555	22470794	FBgn0037166	+	-1084
3L	22729070	22729899	peak_6547	22729765	22729808	FBgn0260481	+	0
3L	22766802	22768160	peak_6552	22773535	22773716	FBgn0052451	+	5376
3L	22898321	22898933	peak_6568	22898743	22899267	FBgn0037204	+	0
3L	22998050	22998855	peak_6572	22998371	22998766	FBgn0262509	+	0
3L	24734042	24734344	peak_6587	24927129	24927263	FBgn0085736	+	192786
3L	28091123	28091520	peak_6610	28012551	28012599	FBgn0287182	-	-78525
3R	4184477	4184953	peak_6621	4174631	4175392	FBgn0037213	+	-9086
3R	4310440	4310768	peak_6630	4310831	4310947	FBgn0037231	-	64
3R	4321488	4321699	peak_6634	4319682	4319786	FBgn0037234	+	-1703
3R	4345327	4345535	peak_6638	4337754	4337923	FBgn0037235	+	-7405
3R	4390230	4390773	peak_6644	4390365	4390425	FBgn0037241	+	0
3R	4418673	4418927	peak_6651	4427029	4427168	FBgn0051525	+	8103
3R	4447850	4448335	peak_6656	4450471	4450843	FBgn0051522	-	2137
3R	4705276	4705486	peak_6677	4714085	4714182	FBgn0037270	-	8600
3R	4733695	4734007	peak_6683	4731562	4731878	FBgn0027570	-	-1818
3R	4784414	4785277	peak_6689	4784684	4784722	FBgn0037276	-	0
3R	4912208	4912794	peak_6705	4910551	4911085	FBgn0265082	+	-1124
3R	4965259	4965560	peak_6710	4952496	4952682	FBgn0004436	-	-12578
3R	4996728	4997066	peak_6714	4984063	4984232	FBgn0037291	-	-12497
3R	5016209	5017014	peak_6716	5010952	5011031	FBgn0037292	-	-5179
3R	5082702	5083551	peak_6726	5086025	5087072	FBgn0010313	-	2475
3R	5164354	5164898	peak_6732	5128086	5128167	FBgn0037293	+	-36188
3R	5201380	5201753	peak_6738	5216937	5217456	FBgn0259212	-	15185
3R	5272675	5272889	peak_6751	5277596	5277835	FBgn0051538	-	4708
3R	5279685	5280108	peak_6752	5281015	5281102	FBgn0013576	-	908
3R	5550596	5550735	peak_6783	5550620	5550632	FBgn0014342	-	0
3R	5570986	5571396	peak_6791	5571107	5571231	FBgn0023023	+	0
3R	5595586	5595884	peak_6796	5591762	5591830	FBgn0283535	+	-3757
3R	5620784	5621292	peak_6802	5622747	5623151	FBgn0037350	-	1456
3R	5645240	5645898	peak_6807	5648524	5648738	FBgn0027951	-	2627
3R	5685405	5685561	peak_6816	5685397	5685434	FBgn0037364	-	0
3R	5754345	5755217	peak_6823	5754677	5754774	FBgn0037372	-	0
3R	5821385	5821501	peak_6832	5821332	5821440	FBgn0037382	-	0
3R	5840439	5841264	peak_6834	5843879	5843979	FBgn0037387	+	2616
3R	6003053	6003902	peak_6839	6008550	6008579	FBgn0003261	-	4649
3R	6075240	6075479	peak_6841	6100752	6100887	FBgn0026077	-	25274
3R	6129232	6129422	peak_6846	6122591	6122656	FBgn0037402	+	-6577
3R	6291174	6291513	peak_6855	6291736	6291901	FBgn0037422	+	224
3R	6377422	6377950	peak_6867	6377796	6377819	FBgn0260645	+	0
3R	6474502	6474852	peak_6885	6468436	6468672	FBgn0037447	+	-5831
3R	6568381	6569004	peak_6887	6646888	6646989	FBgn0010355	+	77885
3R	6683790	6683993	peak_6894	6691703	6691758	FBgn0004779	-	7711
3R	6692419	6692780	peak_6895	6692731	6692797	FBgn0004780	+	0
3R	6695319	6696285	peak_6897	6696182	6696271	FBgn0004781	-	0
3R	6956101	6956609	peak_6911	6998205	6999228	FBgn0260642	-	41597
3R	7079182	7079532	peak_6916	7080209	7080387	FBgn0010774	-	678
3R	7154783	7155274	peak_6932	7155064	7155180	FBgn0037481	-	0
3R	7308146	7308580	peak_6941	7309029	7309629	FBgn0267337	-	450
3R	7324908	7325389	peak_6947	7325596	7325851	FBgn0265423	+	208
3R	7374514	7374869	peak_6952	7365849	7365932	FBgn0004172	+	-8583
3R	7443999	7444744	peak_6955	7439759	7439846	FBgn0037503	+	-4154
3R	7504934	7505273	peak_6963	7504557	7505098	FBgn0015577	-	0
3R	7669810	7670327	peak_6970	7658246	7658353	FBgn0051146	+	-11458
3R	7783401	7783746	peak_6975	7794068	7794208	FBgn0037518	+	10323
3R	7964479	7965140	peak_6989	7966462	7967408	FBgn0000504	-	1323
3R	8111629	8112404	peak_7010	8105331	8105860	FBgn0243512	+	-5770
3R	8219745	8220311	peak_7020	8220145	8220197	FBgn0037553	+	0
3R	8333731	8334130	peak_7041	8333124	8333792	FBgn0003129	-	0
3R	8670976	8671341	peak_7070	8669617	8669824	FBgn0037607	+	-1153
3R	8697796	8698143	peak_7074	8697325	8697822	FBgn0001180	-	0
3R	8712888	8713036	peak_7076	8712932	8713121	FBgn0037612	+	0
3R	8740923	8741973	peak_7083	8747343	8747675	FBgn0037623	-	5371
3R	8790327	8791198	peak_7087	8783431	8784256	FBgn0261015	-	-6072
3R	8810476	8811006	peak_7092	8809782	8809811	FBgn0037635	-	-666
3R	8998352	8999294	peak_7112	8997696	8997700	FBgn0037650	+	-653
3R	9051967	9052150	peak_7126	9052494	9052627	FBgn0037659	+	345
3R	9226802	9227445	peak_7137	9236809	9237025	FBgn0003165	-	9365
3R	9248567	9249394	peak_7142	9247448	9247673	FBgn0037664	+	-895
3R	9375756	9376148	peak_7153	9363304	9363424	FBgn0037683	+	-12333
3R	9399991	9400132	peak_7156	9399996	9400053	FBgn0083953	-	0
3R	9433953	9434230	peak_7162	9434265	9434403	FBgn0261552	+	36
3R	9555337	9555497	peak_7177	9555389	9555408	FBgn0037708	-	0
3R	9570152	9570304	peak_7180	9570140	9570214	FBgn0037713	-	0
3R	9589627	9590255	peak_7186	9590929	9591002	FBgn0037719	-	675
3R	9601767	9602083	peak_7189	9591308	9592185	FBgn0037720	+	-9583
3R	9706210	9706619	peak_7199	9704948	9705417	FBgn0051352	-	-794
3R	9952957	9953528	peak_7231	9985679	9986060	FBgn0037770	-	32152
3R	10068958	10069234	peak_7245	10049198	10049295	FBgn0037780	+	-19664
3R	10095743	10095992	peak_7256	10109815	10110121	FBgn0028734	-	13824
3R	10211924	10212438	peak_7268	10212758	10213007	FBgn0025879	-	321
3R	10265764	10266251	peak_7272	10264305	10264878	FBgn0262617	+	-887
3R	10311538	10311772	peak_7275	10311494	10311613	FBgn0037807	-	0
3R	10380287	10380837	peak_7286	10377690	10378068	FBgn0020379	-	-2220
3R	10434672	10435157	peak_7294	10434788	10434799	FBgn0037817	+	0
3R	10651059	10651836	peak_7303	10680777	10680925	FBgn0037819	-	28942
3R	10849275	10849531	peak_7316	10849824	10849866	FBgn0259740	+	294
3R	10921833	10922143	peak_7334	10893182	10893531	FBgn0037855	-	-28303
3R	11128008	11128936	peak_7335	11128313	11128328	FBgn0040256	-	0
3R	11212377	11213247	peak_7347	11214213	11214539	FBgn0037875	-	967
3R	11232422	11232963	peak_7355	11231911	11232016	FBgn0037883	+	-407
3R	11407755	11408369	peak_7361	11407917	11407990	FBgn0037892	+	0
3R	11437640	11437834	peak_7367	11437784	11438099	FBgn0046225	+	0
3R	11453905	11455202	peak_7369	11454224	11454329	FBgn0037906	-	0
3R	11583076	11583342	peak_7381	11581575	11581839	FBgn0037917	+	-1238
3R	11646960	11647252	peak_7388	11650084	11650706	FBgn0262081	-	2833
3R	11673984	11674308	peak_7393	11674220	11674281	FBgn0037930	+	0
3R	11678048	11678205	peak_7394	11678016	11678116	FBgn0037931	-	0
3R	11749405	11749552	peak_7400	11749241	11749488	FBgn0037944	-	0
3R	11756553	11756962	peak_7402	11763646	11764457	FBgn0017581	-	6685
3R	11802371	11802599	peak_7413	11796843	11796948	FBgn0025802	-	-5424
3R	11805102	11805692	peak_7414	11813026	11813207	FBgn0051116	-	7335
3R	11834851	11835296	peak_7421	11822422	11822493	FBgn0037955	-	-12359
3R	11853730	11853931	peak_7422	11868794	11869460	FBgn0037956	-	14864
3R	11902602	11903547	peak_7429	11886835	11887168	FBgn0037960	-	-15435
3R	11947637	11948018	peak_7430	11948836	11949129	FBgn0037963	-	819
3R	11970922	11972127	peak_7436	11971693	11971775	FBgn0037970	+	0
3R	11987866	11988244	peak_7441	11984508	11984541	FBgn0037975	-	-3326
3R	12060754	12061156	peak_7448	12079680	12079928	FBgn0037989	-	18525
3R	12216812	12217385	peak_7452	12219604	12219686	FBgn0037998	-	2220
3R	12398836	12399398	peak_7463	12398875	12398929	FBgn0038034	-	0
3R	12413491	12413598	peak_7468	12413383	12413555	FBgn0000455	-	0
3R	12413968	12414268	peak_7470	12413827	12414156	FBgn0082831	+	0
3R	12439872	12440066	peak_7477	12441426	12441608	FBgn0086687	+	1361
3R	12450928	12451977	peak_7480	12449295	12449638	FBgn0038053	+	-1291
3R	12594547	12594894	peak_7484	12594509	12595104	FBgn0038063	-	0
3R	12633039	12633645	peak_7488	12630646	12630714	FBgn0260444	+	-2326
3R	12642534	12642889	peak_7492	12648057	12648358	FBgn0038071	+	5169
3R	12654181	12654643	peak_7493	12654576	12654630	FBgn0038072	+	0
3R	12682596	12682953	peak_7495	12681305	12681375	FBgn0038076	-	-1222
3R	12856284	12856523	peak_7506	12857495	12857632	FBgn0038088	-	973
3R	13064103	13064592	peak_7521	13057754	13058243	FBgn0004666	+	-5861
3R	13088800	13089074	peak_7525	13088650	13088760	FBgn0038118	+	-41
3R	13253633	13254113	peak_7529	13259452	13259517	FBgn0000024	-	5340
3R	13334016	13334866	peak_7540	13333889	13334166	FBgn0038139	-	0
3R	13418234	13418743	peak_7549	13420278	13420302	FBgn0038153	+	1536
3R	13629965	13630708	peak_7557	13631941	13632061	FBgn0038163	+	1234
3R	13716156	13716637	peak_7571	13715206	13715819	FBgn0085412	+	-338
3R	13789713	13789990	peak_7579	13782287	13782451	FBgn0000454	+	-7263
3R	13805937	13806776	peak_7584	13813108	13813525	FBgn0259730	+	6333
3R	13964830	13964968	peak_7592	13958788	13958921	FBgn0016672	+	-5910
3R	14028060	14028297	peak_7600	14029227	14029283	FBgn0038194	+	931
3R	14062392	14062928	peak_7610	14056944	14057024	FBgn0038197	+	-5369
3R	14283938	14284266	peak_7618	14286208	14286903	FBgn0003862	-	1943
3R	14309252	14309521	peak_7627	14309088	14309122	FBgn0004855	+	-131
3R	14382375	14382670	peak_7636	14369848	14370008	FBgn0024321	-	-12368
3R	14559464	14560411	peak_7650	14560047	14560054	FBgn0038238	-	0
3R	14633775	14634302	peak_7659	14625754	14625815	FBgn0013981	+	-7961
3R	14652440	14652737	peak_7662	14655157	14655197	FBgn0086686	-	2421
3R	14714878	14715294	peak_7671	14723573	14724261	FBgn0262127	-	8280
3R	14736635	14737158	peak_7675	14740403	14740791	FBgn0011217	-	3246
3R	14756090	14756517	peak_7681	14749474	14749616	FBgn0263929	+	-6475
3R	14819695	14820178	peak_7686	14820915	14821151	FBgn0266756	-	738
3R	14902550	14902922	peak_7696	14903950	14904061	FBgn0028662	-	1029
3R	14946621	14946926	peak_7698	14918627	14918877	FBgn0038279	+	-27745
3R	15082731	15083165	peak_7703	15094926	15095631	FBgn0038286	-	11762
3R	15116155	15116635	peak_7707	15131607	15131926	FBgn0261859	-	14973
3R	15199664	15200309	peak_7711	15196597	15196637	FBgn0260659	+	-3028
3R	15230740	15230981	peak_7720	15229664	15229731	FBgn0038307	+	-1010
3R	15320949	15321058	peak_7735	15320755	15320918	FBgn0026441	+	-32
3R	15359466	15359881	peak_7746	15361577	15361657	FBgn0026634	-	1697
3R	15402615	15402967	peak_7751	15405497	15405505	FBgn0038337	-	2531
3R	15410505	15411376	peak_7753	15410891	15410911	FBgn0041188	+	0
3R	15803765	15803894	peak_7768	15812122	15812307	FBgn0026616	+	8229
3R	15874530	15874731	peak_7780	15875577	15875939	FBgn0051183	-	847
3R	15983069	15984037	peak_7791	15973297	15973824	FBgn0022787	+	-9246
3R	16004988	16005563	peak_7797	15994139	15994225	FBgn0003507	+	-10764
3R	16041010	16041322	peak_7799	16045909	16045971	FBgn0038395	-	4588
3R	16162750	16163195	peak_7810	16154981	16155516	FBgn0063649	+	-7235
3R	16163776	16164041	peak_7811	16171990	16172156	FBgn0038404	+	7950
3R	16209281	16209920	peak_7819	16205236	16205250	FBgn0010438	-	-4032
3R	16285993	16286600	peak_7840	16273000	16273330	FBgn0250823	+	-12664
3R	16621914	16622592	peak_7867	16620777	16620828	FBgn0038451	+	-1087
3R	16637883	16639518	peak_7871	16640204	16640327	FBgn0015520	+	687
3R	16651653	16652641	peak_7875	16652259	16652319	FBgn0038455	-	0
3R	17080959	17081085	peak_7910	17080243	17080356	FBgn0038476	+	-604
3R	17118194	17118398	peak_7918	17118736	17119082	FBgn0014141	-	339
3R	17170026	17170360	peak_7923	17151860	17151973	FBgn0038491	+	-18054
3R	17257963	17258410	peak_7924	17283794	17283813	FBgn0051418	+	25385
3R	17296758	17297165	peak_7926	17284647	17284666	FBgn0051419	+	-12093
3R	17380462	17380945	peak_7932	17385890	17386108	FBgn0262871	+	4946
3R	17712790	17713729	peak_7976	17717955	17718350	FBgn0261885	-	4227
3R	17945929	17946310	peak_7989	17944105	17944213	FBgn0263995	+	-1717
3R	18021762	18022050	peak_7994	18021599	18021713	FBgn0038564	+	-50
3R	18049915	18050342	peak_7999	18049229	18049366	FBgn0010389	-	-550
3R	18159966	18160152	peak_8004	18164302	18164397	FBgn0038569	-	4151
3R	18306253	18306524	peak_8030	18301647	18301728	FBgn0038601	-	-4526
3R	18512807	18513164	peak_8052	18480327	18480676	FBgn0004652	-	-32132
3R	18577740	18578150	peak_8057	18573090	18573525	FBgn0038627	+	-4216
3R	18606089	18606461	peak_8063	18617483	18617511	FBgn0038631	-	11023
3R	18640854	18641217	peak_8065	18640724	18641457	FBgn0038632	-	0
3R	18708799	18709319	peak_8072	18677817	18677913	FBgn0038640	+	-30887
3R	18745539	18745833	peak_8076	18745793	18746041	FBgn0038649	-	0
3R	18980575	18980784	peak_8088	18980845	18980966	FBgn0038666	-	62
3R	19012234	19012721	peak_8095	19023944	19024030	FBgn0038672	-	11224
3R	19132127	19132763	peak_8110	19132647	19132684	FBgn0038680	+	0
3R	19135022	19135525	peak_8112	19135157	19135208	FBgn0038681	+	0
3R	19238873	19239277	peak_8128	19246037	19246130	FBgn0038693	-	6761
3R	19257218	19257850	peak_8130	19257265	19257705	FBgn0038695	+	0
3R	19373256	19373784	peak_8136	19374658	19374789	FBgn0038697	-	875
3R	19686620	19687343	peak_8153	19686909	19686984	FBgn0051216	+	0
3R	19719423	19719672	peak_8157	19715833	19715927	FBgn0085315	-	-3497
3R	19875196	19875417	peak_8168	19877417	19877514	FBgn0038741	-	2001
3R	20552512	20553015	peak_8216	20552080	20552311	FBgn0016917	-	-202
3R	20573955	20575566	peak_8222	20576873	20577010	FBgn0038805	-	1308
3R	20587669	20587788	peak_8226	20588271	20588356	FBgn0014029	-	484
3R	20594095	20594449	peak_8230	20593138	20593843	FBgn0023097	+	-253
3R	20628464	20629099	peak_8234	20634545	20634732	FBgn0015279	-	5447
3R	20712640	20713159	peak_8238	20714479	20714577	FBgn0024944	-	1321
3R	20806789	20807084	peak_8248	20816093	20816190	FBgn0038827	-	9010
3R	20824467	20825211	peak_8252	20824095	20824239	FBgn0038830	-	-229
3R	21185820	21186092	peak_8293	21168128	21168205	FBgn0260004	-	-17616
3R	21206598	21207390	peak_8301	21215078	21215159	FBgn0038868	+	7689
3R	21253393	21253594	peak_8308	21247010	21247432	FBgn0038874	+	-5962
3R	21289070	21289603	peak_8314	21293892	21293998	FBgn0038880	-	4290
3R	21499302	21499774	peak_8329	21482324	21482386	FBgn0038889	+	-16917
3R	21523362	21524381	peak_8332	21520927	21521055	FBgn0038890	+	-2308
3R	21604513	21604939	peak_8338	21618726	21619036	FBgn0283499	-	13788
3R	21652729	21653076	peak_8348	21662864	21662972	FBgn0038893	-	9789
3R	21826528	21826951	peak_8357	21822482	21822674	FBgn0013759	-	-3855
3R	21854317	21854557	peak_8366	21855919	21856266	FBgn0015229	-	1363
3R	21967285	21967760	peak_8377	21972378	21972461	FBgn0264490	+	4619
3R	22039091	22039830	peak_8386	22042190	22042355	FBgn0264491	+	2361
3R	22382744	22383236	peak_8402	22382073	22382224	FBgn0263048	+	-521
3R	22455944	22456186	peak_8412	22461922	22462054	FBgn0028688	-	5737
3R	22464591	22465256	peak_8415	22464984	22465274	FBgn0038972	+	0
3R	22476630	22476985	peak_8416	22469477	22470484	FBgn0038975	+	-6147
3R	22630507	22631112	peak_8436	22632891	22633018	FBgn0020278	-	1780
3R	22684241	22684764	peak_8439	22686350	22686510	FBgn0046114	-	1587
3R	23035353	23036922	peak_8455	23035507	23035563	FBgn0039040	-	0
3R	23154630	23155014	peak_8467	23157843	23157862	FBgn0004395	-	2830
3R	23167956	23168316	peak_8469	23168316	23168385	FBgn0265042	+	1
3R	23335436	23335611	peak_8484	23345397	23346167	FBgn0003118	-	9787
3R	23528000	23528441	peak_8496	23530941	23530986	FBgn0039084	-	2501
3R	23876073	23876335	peak_8534	23889693	23890052	FBgn0025574	-	13359
3R	24130483	24130608	peak_8565	24130306	24130404	FBgn0026317	+	-80
3R	24340574	24340939	peak_8591	24341550	24341680	FBgn0011581	+	612
3R	24437295	24437904	peak_8598	24363137	24363273	FBgn0053340	+	-74023
3R	24519332	24519708	peak_8600	24518269	24518658	FBgn0003134	+	-675
3R	24576457	24576993	peak_8610	24582712	24582864	FBgn0039209	-	5720
3R	24654784	24654909	peak_8622	24655159	24655283	FBgn0039215	+	251
3R	24919916	24921336	peak_8649	24918105	24918264	FBgn0039249	+	-1653
3R	25028776	25029283	peak_8657	25025234	25025543	FBgn0015240	+	-3234
3R	25209125	25209860	peak_8674	25209449	25209610	FBgn0039290	+	0
3R	25295337	25295740	peak_8685	25295301	25295594	FBgn0051102	-	0
3R	25404581	25404891	peak_8691	25346886	25346921	FBgn0261575	-	-57661
3R	25525824	25526165	peak_8705	25516117	25516349	FBgn0011666	+	-9476
3R	25643037	25643592	peak_8711	25647245	25647653	FBgn0039350	+	3654
3R	26045715	26045904	peak_8743	26041735	26041901	FBgn0001139	+	-3815
3R	26053772	26054013	peak_8748	26052820	26052916	FBgn0039402	+	-857
3R	26186518	26186765	peak_8759	26185250	26185659	FBgn0051086	+	-860
3R	26247631	26248084	peak_8767	26261335	26261591	FBgn0000064	-	13252
3R	26322483	26323177	peak_8773	26318354	26318973	FBgn0053970	+	-3511
3R	26387038	26387924	peak_8777	26425076	26425102	FBgn0040606	-	37153
3R	26502487	26502978	peak_8786	26534723	26535217	FBgn0039431	-	31746
3R	26663949	26664177	peak_8795	26681434	26681966	FBgn0250908	-	17258
3R	26966261	26966436	peak_8822	26966472	26966485	FBgn0041224	-	37
3R	26989777	26989932	peak_8826	26988443	26988517	FBgn0051075	-	-1261
3R	27048255	27049209	peak_8829	27069209	27070070	FBgn0003495	-	20001
3R	27086177	27086508	peak_8834	27094532	27094652	FBgn0039483	+	8025
3R	27130713	27130963	peak_8839	27116744	27116882	FBgn0039489	+	-13832
3R	27139290	27139638	peak_8844	27150429	27151069	FBgn0039492	-	10792
3R	27238591	27238885	peak_8853	27238900	27239085	FBgn0051064	-	16
3R	27393516	27394215	peak_8870	27436611	27437482	FBgn0016061	-	42397
3R	27571981	27572552	peak_8877	27582001	27582241	FBgn0027492	-	9450
3R	27604998	27605365	peak_8882	27607040	27607396	FBgn0039528	-	1676
3R	27643172	27643565	peak_8886	27636548	27636836	FBgn0039532	+	-6337
3R	27685709	27686265	peak_8893	27685961	27686185	FBgn0046258	+	0
3R	27748247	27748766	peak_8899	27707099	27707209	FBgn0039544	+	-41039
3R	27928437	27928715	peak_8907	27928156	27928174	FBgn0051053	-	-264
3R	27950134	27950551	peak_8913	27948710	27948861	FBgn0039562	+	-1274
3R	28055571	28056806	peak_8918	27990563	27990751	FBgn0039568	-	-64821
3R	28368747	28369154	peak_8931	28340333	28340434	FBgn0039581	+	-28314
3R	28631271	28631844	peak_8944	28634375	28635099	FBgn0039590	-	2532
3R	28870758	28871404	peak_8967	28880096	28880122	FBgn0039612	-	8693
3R	29188250	29188680	peak_8998	29200453	29200520	FBgn0014427	+	11774
3R	29210240	29210547	peak_9001	29202459	29202525	FBgn0039650	-	-7716
3R	29227672	29227896	peak_9006	29227677	29227725	FBgn0039655	-	0
3R	29234554	29235176	peak_9008	29229160	29229577	FBgn0028476	+	-4978
3R	29244176	29245194	peak_9009	29244448	29244498	FBgn0051445	-	0
3R	29399123	29399609	peak_9017	29369337	29369356	FBgn0267106	+	-29768
3R	29512041	29512486	peak_9029	29503125	29503549	FBgn0039668	-	-8493
3R	29559516	29560005	peak_9035	29556385	29556635	FBgn0000492	+	-2882
3R	29751553	29753060	peak_9050	29749218	29749790	FBgn0260990	+	-1764
3R	29934564	29935053	peak_9077	29935827	29935888	FBgn0039726	-	775
3R	30013129	30013434	peak_9086	30014995	30015165	FBgn0039737	-	1562
3R	30180404	30180687	peak_9105	30180231	30180355	FBgn0260860	+	-50
3R	30265660	30266465	peak_9115	30277931	30278943	FBgn0010113	+	11467
3R	30552400	30552933	peak_9148	30563179	30563475	FBgn0082582	+	10247
3R	30616241	30616830	peak_9159	30606188	30606194	FBgn0051016	+	-10048
3R	30641047	30641948	peak_9160	30649150	30649166	FBgn0085461	+	7203
3R	30666652	30666827	peak_9161	30649960	30649967	FBgn0085462	+	-16686
3R	30817064	30817412	peak_9171	30808616	30809270	FBgn0027598	+	-7795
3R	30922741	30923074	peak_9175	30888933	30889062	FBgn0000416	-	-33680
3R	30999511	30999834	peak_9178	30992417	30992457	FBgn0051007	-	-7055
3R	31028071	31028376	peak_9186	31039373	31040138	FBgn0010015	+	10998
3R	31050405	31051254	peak_9190	31048928	31049162	FBgn0016123	+	-1244
3R	31163904	31164201	peak_9202	31168473	31168604	FBgn0086704	-	4273
3R	31210487	31210762	peak_9205	31210263	31210730	FBgn0267435	-	0
3R	31258019	31258340	peak_9213	31257598	31257785	FBgn0039838	+	-235
3R	31268813	31269179	peak_9216	31260246	31260406	FBgn0040628	+	-8408
3R	31320214	31321229	peak_9218	31311156	31311931	FBgn0085376	+	-8284
3R	31384049	31384396	peak_9220	31384398	31384499	FBgn0039844	+	3
3R	31434111	31434595	peak_9223	31405244	31405956	FBgn0261988	+	-28156
3R	31449117	31450134	peak_9226	31462829	31463037	FBgn0039849	-	12696
3R	31593980	31594395	peak_9235	31592931	31593119	FBgn0039856	+	-862
3R	31617177	31617769	peak_9241	31617976	31618537	FBgn0039861	+	208
3R	31962738	31962931	peak_9274	31985233	31985768	FBgn0011224	-	22303
3R	32009379	32010088	peak_9279	31986848	31987127	FBgn0039886	+	-22253
4	59985	60237	peak_9289	55868	56331	FBgn0004859	-	-3655
4	167609	167848	peak_9298	175109	175140	FBgn0053978	-	7262
4	225759	226098	peak_9304	225834	225956	FBgn0051999	-	0
4	240676	241195	peak_9306	231425	231600	FBgn0039897	+	-9077
4	276240	276627	peak_9308	276290	276369	FBgn0042696	-	0
4	304912	305678	peak_9309	305731	305818	FBgn0039900	-	54
4	309575	310182	peak_9311	308092	308223	FBgn0026777	+	-1353
4	380305	380859	peak_9317	359937	360284	FBgn0039904	+	-20022
4	438178	438524	peak_9324	443393	443911	FBgn0039907	-	4870
4	490832	491185	peak_9334	481836	481970	FBgn0039908	-	-8863
4	527876	528471	peak_9338	501809	501857	FBgn0004607	+	-26020
4	535272	535703	peak_9339	557442	557854	FBgn0026869	-	21740
4	620644	621987	peak_9345	625584	626031	FBgn0039914	-	3598
4	864482	864888	peak_9369	866969	867025	FBgn0039936	-	2082
4	904797	905082	peak_9373	912186	912331	FBgn0025726	-	7105
4	974646	975696	peak_9377	975886	976035	FBgn0039932	-	191
4	1146415	1146790	peak_9391	1146469	1146529	FBgn0052017	-	0
X	149718	149876	peak_9402	140317	140342	FBgn0284435	+	-9377
X	263829	264143	peak_9408	263667	263995	FBgn0261446	-	0
X	334255	335007	peak_9411	334666	334801	FBgn0052816	-	0
X	618082	618350	peak_9427	619291	619723	FBgn0025633	-	942
X	738629	738990	peak_9442	751169	751301	FBgn0029531	-	12180
X	798205	798511	peak_9453	800785	801479	FBgn0015799	-	2275
X	952558	952876	peak_9466	945546	945773	FBgn0040348	-	-6786
X	1251742	1252317	peak_9483	1239782	1239884	FBgn0026876	-	-11859
X	1589520	1589903	peak_9510	1618031	1618155	FBgn0025390	-	28129
X	1830212	1830465	peak_9519	1831302	1831932	FBgn0283741	+	838
X	2043613	2043938	peak_9551	2043727	2043818	FBgn0026878	-	0
X	2061772	2062163	peak_9555	2061621	2061915	FBgn0025625	-	0
X	2125538	2125888	peak_9571	2122981	2123286	FBgn0004860	-	-2253
X	2244776	2244999	peak_9588	2242137	2242308	FBgn0000810	+	-2469
X	2350054	2350344	peak_9609	2344535	2344649	FBgn0040389	-	-5406
X	2509813	2511825	peak_9619	2545382	2545427	FBgn0284408	-	33558
X	2594995	2595185	peak_9627	2588502	2589506	FBgn0001404	+	-5490
X	2626521	2626681	peak_9633	2624803	2625017	FBgn0267350	+	-1505
X	2750620	2751621	peak_9656	2742916	2742958	FBgn0024980	-	-7663
X	2790227	2790441	peak_9660	2789745	2789942	FBgn0040384	-	-286
X	2994129	2994469	peak_9664	2948033	2948105	FBgn0029648	+	-46025
X	3162097	3162466	peak_9668	3173044	3173140	FBgn0028746	-	10579
X	3187663	3187995	peak_9673	3175201	3175513	FBgn0040396	+	-12151
X	3255497	3255669	peak_9674	3242057	3242084	FBgn0010295	-	-13414
X	3380634	3381111	peak_9683	3373158	3373723	FBgn0262656	+	-6912
X	3442620	3442861	peak_9691	3460023	3460240	FBgn0029659	-	17163
X	3572043	3572501	peak_9701	3573505	3573622	FBgn0029672	-	1005
X	3681097	3681269	peak_9710	3688234	3688495	FBgn0023215	+	6966
X	3950465	3950710	peak_9745	3948974	3949372	FBgn0029687	+	-1094
X	4064161	4064794	peak_9750	4100641	4101031	FBgn0029693	-	35848
X	4205361	4205541	peak_9763	4205899	4206093	FBgn0000635	-	359
X	4446134	4446515	peak_9777	4380757	4381471	FBgn0029707	+	-64664
X	4494948	4495846	peak_9778	4540305	4540626	FBgn0003210	-	44460
X	4617191	4617612	peak_9787	4635900	4636004	FBgn0025388	-	18289
X	4647782	4647927	peak_9789	4647870	4647966	FBgn0029718	+	0
X	4657792	4658175	peak_9791	4650014	4650329	FBgn0022942	+	-7464
X	4761518	4762021	peak_9802	4708747	4709010	FBgn0029723	+	-52509
X	4919737	4920181	peak_9808	4918871	4919196	FBgn0029737	+	-542
X	5063305	5063944	peak_9821	5082416	5083025	FBgn0052767	-	18473
X	5131615	5131809	peak_9827	5131897	5131957	FBgn0029745	+	89
X	5279031	5279443	peak_9829	5305544	5305691	FBgn0029750	-	26102
X	5418492	5418816	peak_9838	5420238	5420336	FBgn0263987	-	1423
X	5432927	5433383	peak_9842	5430564	5430679	FBgn0029766	+	-2249
X	5560555	5560898	peak_9845	5517258	5517420	FBgn0029771	+	-43136
X	5679372	5680104	peak_9853	5679659	5679977	FBgn0046687	-	0
X	5691035	5691283	peak_9857	5690001	5690768	FBgn0000394	+	-268
X	5698427	5698637	peak_9859	5695065	5695205	FBgn0027564	-	-3223
X	5760021	5760163	peak_9869	5764093	5764203	FBgn0013987	-	3931
X	5873099	5873428	peak_9873	5873256	5873357	FBgn0029818	-	0
X	5904209	5904649	peak_9879	5900860	5901013	FBgn0000042	+	-3197
X	5964209	5964576	peak_9884	5966278	5966565	FBgn0029830	+	1703
X	6013205	6013657	peak_9887	6037090	6037262	FBgn0003302	-	23434
X	6077188	6077885	peak_9891	6077336	6077530	FBgn0029838	-	0
X	6089656	6090052	peak_9894	6089706	6090201	FBgn0029840	-	0
X	6090811	6091283	peak_9896	6091294	6091471	FBgn0026060	-	12
X	6193452	6193839	peak_9898	6192346	6192483	FBgn0264386	-	-970
X	6643132	6643817	peak_9944	6654160	6654248	FBgn0029882	-	10344
X	6661366	6661496	peak_9948	6661353	6661462	FBgn0029885	-	0
X	6711217	6711440	peak_9958	6699507	6700353	FBgn0029895	+	-10865
X	6770709	6771281	peak_9962	6771224	6771369	FBgn0029502	+	0
X	6805273	6805802	peak_9965	6804984	6805006	FBgn0029903	+	-268
X	6985576	6985945	peak_9979	6986485	6986578	FBgn0261284	+	541
X	6997353	6998088	peak_9981	6998671	6999128	FBgn0027108	+	584
X	7066366	7066516	peak_9988	7065644	7066052	FBgn0029930	-	-315
X	7105459	7105720	peak_9996	7104884	7105155	FBgn0029937	+	-305
X	7937634	7938233	peak_10054	7935895	7936968	FBgn0260970	+	-667
X	8145527	8145685	peak_10073	8145495	8145602	FBgn0030007	-	0
X	8273610	8273954	peak_10085	8273682	8273806	FBgn0030029	-	0
X	8843302	8843533	peak_10131	8838322	8838484	FBgn0030065	+	-4819
X	8974203	8974612	peak_10145	8974227	8974255	FBgn0030073	-	0
X	9035141	9035604	peak_10148	9042643	9042791	FBgn0259734	+	7040
X	9106961	9107142	peak_10154	9107068	9107144	FBgn0030088	+	0
X	9149249	9149378	peak_10158	9149308	9149422	FBgn0030093	+	0
X	9250280	9250746	peak_10175	9250419	9250563	FBgn0030114	+	0
X	9493060	9493319	peak_10191	9499873	9500129	FBgn0261260	-	6555
X	9749561	9749971	peak_10217	9778741	9778809	FBgn0030151	+	28771
X	9981495	9981737	peak_10220	9989689	9989872	FBgn0052694	+	7953
X	10209981	10210920	peak_10227	10210007	10210183	FBgn0030183	-	0
X	10356565	10357156	peak_10237	10366211	10366273	FBgn0028331	-	9056
X	10384312	10385269	peak_10242	10385053	10385149	FBgn0030196	-	0
X	10397887	10398321	peak_10245	10385959	10386511	FBgn0000711	+	-11377
X	10735176	10735405	peak_10267	10744149	10744943	FBgn0052676	-	8745
X	10802075	10802616	peak_10280	10784350	10784458	FBgn0003360	-	-17618
X	10874796	10875122	peak_10288	10877553	10877798	FBgn0030245	-	2432
X	10923766	10925737	peak_10293	10927455	10927577	FBgn0030251	+	1719
X	11128804	11129129	peak_10297	11128974	11129087	FBgn0010391	-	0
X	11134004	11134267	peak_10298	11132323	11132412	FBgn0265535	-	-1593
X	11149633	11149777	peak_10306	11149443	11149713	FBgn0030274	+	0
X	11327071	11327315	peak_10310	11325384	11325510	FBgn0030286	+	-1562
X	11334290	11334759	peak_10312	11339527	11339588	FBgn0028421	-	4769
X	11434035	11434332	peak_10324	11442538	11442708	FBgn0030300	+	8207
X	11485420	11485539	peak_10332	11485249	11485392	FBgn0030306	+	-29
X	11520063	11520559	peak_10334	11493134	11493385	FBgn0052666	+	-26679
X	11576789	11576927	peak_10340	11576882	11576952	FBgn0030316	+	0
X	11579305	11579509	peak_10342	11580771	11580923	FBgn0002948	+	1263
X	11709097	11709274	peak_10352	11709447	11709951	FBgn0030327	-	174
X	12018834	12018966	peak_10388	12018639	12019180	FBgn0030364	+	0
X	12030928	12031257	peak_10391	12031426	12031465	FBgn0030367	-	170
X	12459949	12460673	peak_10395	12462866	12463112	FBgn0030391	-	2194
X	12592108	12592411	peak_10411	12591930	12592193	FBgn0283712	-	0
X	12601141	12601662	peak_10414	12596900	12596969	FBgn0052654	+	-4173
X	12660078	12660666	peak_10421	12659414	12659548	FBgn0011837	+	-531
X	12720157	12720597	peak_10429	12742318	12742444	FBgn0265523	-	21722
X	13100144	13100410	peak_10459	13094467	13094572	FBgn0030447	+	-5573
X	13221194	13221636	peak_10465	13212337	13212392	FBgn0029133	+	-8803
X	13300475	13301063	peak_10471	13297081	13297229	FBgn0030468	+	-3247
X	13373615	13374141	peak_10480	13373758	13373796	FBgn0030478	+	0
X	13507092	13507242	peak_10490	13563822	13564333	FBgn0086674	+	56581
X	13613612	13614201	peak_10497	13615980	13616403	FBgn0030502	-	1780
X	13634190	13634674	peak_10503	13624305	13624408	FBgn0030504	-	-9783
X	13682833	13683267	peak_10506	13682951	13682975	FBgn0030511	+	0
X	13738050	13738181	peak_10509	13738138	13738248	FBgn0030518	+	0
X	13815444	13815630	peak_10520	13811683	13811758	FBgn0030528	+	-3687
X	13842084	13842487	peak_10526	13845475	13845866	FBgn0052626	-	2989
X	13961776	13962007	peak_10534	13990469	13990527	FBgn0267033	-	28463
X	14242537	14242984	peak_10556	14242581	14242822	FBgn0030556	-	0
X	14483943	14484335	peak_10561	14580599	14580665	FBgn0030571	+	96265
X	14748813	14749020	peak_10566	14749347	14749376	FBgn0015774	-	328
X	14835610	14836238	peak_10573	14838102	14838198	FBgn0030584	-	1865
X	15069270	15069678	peak_10590	15066372	15066432	FBgn0264389	-	-2839
X	15139992	15140095	peak_10600	15139254	15139367	FBgn0030616	-	-626
X	15447233	15447758	peak_10618	15449767	15449883	FBgn0040285	-	2010
X	15464659	15464869	peak_10624	15465739	15465857	FBgn0030641	+	871
X	15500637	15501277	peak_10632	15499007	15499462	FBgn0027287	+	-1176
X	15583080	15583228	peak_10643	15583158	15583461	FBgn0030660	+	0
X	15593099	15593389	peak_10644	15592956	15593534	FBgn0030662	-	0
X	15730640	15730998	peak_10654	15732177	15732190	FBgn0030675	+	1180
X	15733672	15733784	peak_10656	15733923	15733996	FBgn0030676	-	140
X	15734179	15734330	peak_10657	15734269	15734368	FBgn0026666	+	0
X	15746571	15746872	peak_10660	15746647	15746770	FBgn0027329	+	0
X	15833862	15834251	peak_10671	15835443	15835490	FBgn0000319	-	1193
X	16147639	16148021	peak_10697	16148741	16148977	FBgn0285879	-	721
X	16275425	16275733	peak_10702	16275566	16275917	FBgn0040207	-	0
X	16285472	16285584	peak_10710	16286287	16286409	FBgn0030733	+	704
X	16297142	16297304	peak_10715	16296670	16296775	FBgn0030735	+	-368
X	16319704	16319915	peak_10717	16320336	16320370	FBgn0004432	-	422
X	16334356	16334578	peak_10721	16333611	16333643	FBgn0278608	+	-714
X	16359210	16359325	peak_10723	16359273	16359339	FBgn0086448	+	0
X	16361499	16361632	peak_10724	16361568	16361697	FBgn0004227	+	0
X	16391405	16391512	peak_10728	16391354	16391438	FBgn0010416	-	0
X	16420656	16420943	peak_10729	16420372	16420392	FBgn0030749	-	-265
X	16427775	16428002	peak_10734	16422830	16423279	FBgn0026575	+	-4497
X	16448863	16449070	peak_10739	16448664	16448697	FBgn0262734	+	-167
X	16593662	16593812	peak_10746	16593676	16594000	FBgn0267384	+	0
X	16598795	16598938	peak_10747	16598242	16598496	FBgn0030761	-	-300
X	16599431	16599570	peak_10749	16599240	16599639	FBgn0061200	+	0
X	16650479	16650884	peak_10756	16654867	16655015	FBgn0030768	-	3984
X	16690720	16691079	peak_10762	16694950	16695144	FBgn0259923	-	3872
X	16722945	16723247	peak_10767	16721182	16721500	FBgn0052572	+	-1446
X	16752297	16752458	peak_10770	16782469	16782545	FBgn0001250	-	30012
X	16784124	16784237	peak_10774	16783932	16784074	FBgn0030786	+	-51
X	16798256	16798422	peak_10778	16800608	16800710	FBgn0030791	-	2187
X	16803561	16803725	peak_10780	16803649	16803759	FBgn0030794	+	0
X	16881065	16881403	peak_10783	16881346	16881454	FBgn0030799	+	0
X	16931187	16931440	peak_10787	16940503	16940873	FBgn0030805	-	9064
X	16946785	16947015	peak_10793	16943289	16943898	FBgn0030808	+	-2888
X	16964315	16964820	peak_10795	16968509	16968679	FBgn0030809	-	3690
X	17454565	17454915	peak_10826	17423590	17423624	FBgn0030839	+	-30942
X	17532308	17532621	peak_10830	17506585	17507089	FBgn0263706	-	-25220
X	17562220	17562375	peak_10832	17579104	17579229	FBgn0028343	-	16730
X	17635987	17636100	peak_10847	17635926	17636044	FBgn0030854	-	0
X	17722183	17722510	peak_10859	17723202	17723249	FBgn0261570	+	693
X	17828802	17829440	peak_10872	17827322	17827520	FBgn0030869	-	-1283
X	17851381	17852069	peak_10878	17852607	17852685	FBgn0052554	-	539
X	17882868	17883384	peak_10884	17883717	17883807	FBgn0030881	+	334
X	17907885	17908001	peak_10888	17907691	17907851	FBgn0283469	+	-35
X	17926620	17926940	peak_10889	17911461	17911703	FBgn0030884	+	-14918
X	18100062	18100308	peak_10898	18101092	18101314	FBgn0030894	-	785
X	18116775	18117323	peak_10903	18116706	18116825	FBgn0283471	-	0
X	18336084	18336366	peak_10916	18320946	18321193	FBgn0030912	-	-14892
X	18373448	18373808	peak_10924	18379753	18379851	FBgn0004957	-	5946
X	18381106	18381641	peak_10927	18380081	18380187	FBgn0030915	+	-920
X	18508530	18509255	peak_10936	18512048	18512337	FBgn0030932	-	2794
X	18514234	18514451	peak_10938	18514709	18514810	FBgn0030933	-	259
X	18692825	18693105	peak_10956	18657754	18657839	FBgn0001079	+	-34987
X	18777978	18778417	peak_10961	18775227	18775578	FBgn0030955	+	-2401
X	18814105	18815241	peak_10966	18813296	18813798	FBgn0259927	+	-308
X	18839794	18840931	peak_10970	18843662	18844031	FBgn0085451	+	2732
X	18929879	18930005	peak_10981	18930334	18931000	FBgn0264090	+	330
X	19039546	19039868	peak_10990	19068767	19068892	FBgn0085359	-	28900
X	19164425	19164691	peak_10996	19158119	19158201	FBgn0261461	-	-6225
X	19167222	19167559	peak_11000	19174603	19174900	FBgn0047095	-	7045
X	19259833	19260344	peak_11010	19261050	19261240	FBgn0031006	-	707
X	19268594	19268718	peak_11013	19268716	19268896	FBgn0031008	-	0
X	19276634	19276982	peak_11015	19276824	19276898	FBgn0052536	-	0
X	19289324	19289748	peak_11016	19297196	19298162	FBgn0031011	-	7449
X	19315386	19315847	peak_11018	19321655	19322106	FBgn0259834	-	5809
X	19388412	19389100	peak_11023	19353180	19353653	FBgn0031016	+	-34760
X	19428491	19428852	peak_11027	19479257	19479319	FBgn0052533	-	50406
X	19663526	19663764	peak_11056	19662668	19663367	FBgn0031053	-	-160
X	19738911	19740585	peak_11068	19742954	19743068	FBgn0042132	-	2370
X	19748849	19749142	peak_11073	19748922	19748927	FBgn0031068	+	0
X	19758777	19759155	peak_11076	19750769	19751137	FBgn0031069	+	-7641
X	19788162	19788637	peak_11077	19823999	19824080	FBgn0031074	-	35363
X	19879437	19879764	peak_11086	19865458	19865524	FBgn0031077	-	-13914
X	19897761	19897936	peak_11090	19893828	19893957	FBgn0052529	+	-3805
X	19969557	19969851	peak_11092	19963175	19963341	FBgn0031081	+	-6217
X	20166858	20167151	peak_11099	20166672	20166764	FBgn0031092	+	-95
X	20426970	20427132	peak_11115	20426990	20427042	FBgn0040650	-	0
X	20489628	20489903	peak_11121	20510518	20510694	FBgn0031118	-	20616
X	20661162	20662067	peak_11132	20657121	20658412	FBgn0031126	+	-2751
X	21041977	21042220	peak_11143	21043069	21043169	FBgn0025814	+	850
X	21060577	21060989	peak_11149	21054545	21054742	FBgn0031150	+	-5836
X	21065621	21066652	peak_11151	21067219	21067540	FBgn0052512	-	568
X	21120298	21120911	peak_11156	21123633	21124119	FBgn0083956	+	2723
X	21285230	21285613	peak_11165	21285300	21285356	FBgn0031169	+	0
X	21317767	21318378	peak_11168	21319222	21319296	FBgn0064116	-	845
X	21323367	21323505	peak_11170	21323229	21324009	FBgn0029067	-	0
X	21340541	21341229	peak_11174	21339740	21339893	FBgn0000709	+	-649
X	22444070	22444478	peak_11192	22444748	22444980	FBgn0031183	+	271
X	22468655	22468834	peak_11198	22471776	22472021	FBgn0031188	-	2943
X	22540664	22541119	peak_11211	22540442	22540488	FBgn0031195	+	-177
X	22629990	22630661	peak_11212	22632564	22632710	FBgn0052499	-	1904
X	22825268	22827633	peak_11217	22832398	22832438	FBgn0259677	+	4766
X	22854594	22854739	peak_11218	22855042	22855194	FBgn0000719	-	304
X	22922424	22922942	peak_11220	22959965	22960091	FBgn0263830	-	37024
X	23099794	23100098	peak_11229	23097408	23097695	FBgn0003559	+	-2100
