__alignment_not_unique	0	__alignment_not_unique	0	__alignment_not_unique	0
__ambiguous	8617	__ambiguous	3111	__ambiguous	2817
__no_feature	8196560	__no_feature	4942207	__no_feature	6550528
__not_aligned	0	__not_aligned	0	__not_aligned	0
__too_low_aQual	0	__too_low_aQual	0	__too_low_aQual	0
peak_1	240	peak_1	66	peak_1	130
peak_2	127	peak_2	39	peak_2	114
peak_12	107	peak_12	28	peak_12	86
peak_14	148	peak_14	61	peak_14	56
peak_22	269	peak_22	114	peak_22	166
peak_59	191	peak_59	84	peak_59	112
peak_64	344	peak_64	88	peak_64	242
peak_68	435	peak_68	212	peak_68	220
peak_89	177	peak_89	119	peak_89	113
peak_95	140	peak_95	79	peak_95	61
peak_101	224	peak_101	78	peak_101	148
peak_107	234	peak_107	74	peak_107	127
peak_116	218	peak_116	149	peak_116	124
peak_118	298	peak_118	167	peak_118	168
peak_119	133	peak_119	103	peak_119	92
peak_120	140	peak_120	75	peak_120	85
peak_130	147	peak_130	44	peak_130	63
peak_145	192	peak_145	138	peak_145	120
peak_148	183	peak_148	114	peak_148	116
peak_155	116	peak_155	81	peak_155	79
peak_163	124	peak_163	95	peak_163	99
peak_170	359	peak_170	144	peak_170	200
peak_179	150	peak_179	124	peak_179	91
peak_203	97	peak_203	58	peak_203	72
peak_204	724	peak_204	399	peak_204	467
peak_205	107	peak_205	78	peak_205	92
peak_215	166	peak_215	64	peak_215	89
peak_230	244	peak_230	74	peak_230	132
peak_235	160	peak_235	57	peak_235	102
peak_240	274	peak_240	148	peak_240	167
peak_253	142	peak_253	69	peak_253	88
peak_257	162	peak_257	102	peak_257	130
peak_263	130	peak_263	93	peak_263	64
peak_267	185	peak_267	53	peak_267	110
peak_268	101	peak_268	45	peak_268	81
peak_276	134	peak_276	75	peak_276	102
peak_280	139	peak_280	89	peak_280	105
peak_285	116	peak_285	48	peak_285	67
peak_291	191	peak_291	72	peak_291	102
peak_293	171	peak_293	69	peak_293	100
peak_297	76	peak_297	31	peak_297	119
peak_316	129	peak_316	69	peak_316	75
peak_320	396	peak_320	150	peak_320	228
peak_335	100	peak_335	85	peak_335	74
peak_348	209	peak_348	132	peak_348	105
peak_357	220	peak_357	69	peak_357	139
peak_358	243	peak_358	90	peak_358	153
peak_375	89	peak_375	41	peak_375	88
peak_379	117	peak_379	64	peak_379	70
peak_387	185	peak_387	93	peak_387	133
peak_392	153	peak_392	39	peak_392	79
peak_415	163	peak_415	101	peak_415	99
peak_417	99	peak_417	59	peak_417	74
peak_420	170	peak_420	97	peak_420	86
peak_429	61	peak_429	45	peak_429	91
peak_430	165	peak_430	80	peak_430	110
peak_431	51	peak_431	20	peak_431	34
peak_440	95	peak_440	40	peak_440	53
peak_450	1010	peak_450	584	peak_450	624
peak_461	149	peak_461	57	peak_461	82
peak_465	285	peak_465	122	peak_465	163
peak_469	275	peak_469	121	peak_469	125
peak_519	172	peak_519	45	peak_519	92
peak_524	107	peak_524	47	peak_524	64
peak_539	267	peak_539	98	peak_539	139
peak_559	136	peak_559	82	peak_559	112
peak_605	166	peak_605	56	peak_605	81
peak_612	231	peak_612	80	peak_612	120
peak_623	200	peak_623	47	peak_623	90
peak_633	188	peak_633	53	peak_633	112
peak_635	159	peak_635	55	peak_635	113
peak_640	140	peak_640	81	peak_640	83
peak_641	348	peak_641	201	peak_641	229
peak_649	260	peak_649	94	peak_649	101
peak_665	156	peak_665	90	peak_665	78
peak_670	264	peak_670	125	peak_670	193
peak_671	153	peak_671	71	peak_671	128
peak_678	88	peak_678	56	peak_678	65
peak_679	130	peak_679	107	peak_679	94
peak_682	107	peak_682	69	peak_682	60
peak_690	180	peak_690	55	peak_690	97
peak_696	125	peak_696	43	peak_696	80
peak_705	106	peak_705	63	peak_705	78
peak_715	116	peak_715	74	peak_715	63
peak_718	1218	peak_718	576	peak_718	693
peak_735	116	peak_735	48	peak_735	89
peak_744	130	peak_744	80	peak_744	102
peak_752	482	peak_752	219	peak_752	373
peak_756	37	peak_756	23	peak_756	45
peak_757	205	peak_757	88	peak_757	167
peak_787	135	peak_787	55	peak_787	60
peak_788	116	peak_788	31	peak_788	61
peak_803	122	peak_803	42	peak_803	81
peak_838	132	peak_838	41	peak_838	69
peak_848	152	peak_848	56	peak_848	78
peak_852	93	peak_852	38	peak_852	75
peak_868	177	peak_868	68	peak_868	71
peak_869	123	peak_869	59	peak_869	65
peak_872	492	peak_872	248	peak_872	348
peak_877	273	peak_877	122	peak_877	187
peak_879	185	peak_879	67	peak_879	91
peak_890	61	peak_890	46	peak_890	46
peak_891	69	peak_891	44	peak_891	27
peak_892	119	peak_892	89	peak_892	97
peak_894	186	peak_894	119	peak_894	101
peak_900	129	peak_900	48	peak_900	107
peak_905	147	peak_905	56	peak_905	112
peak_908	144	peak_908	59	peak_908	95
peak_926	128	peak_926	49	peak_926	74
peak_930	201	peak_930	88	peak_930	110
peak_935	225	peak_935	115	peak_935	114
peak_954	266	peak_954	118	peak_954	172
peak_970	141	peak_970	80	peak_970	67
peak_974	161	peak_974	58	peak_974	89
peak_987	141	peak_987	63	peak_987	70
peak_995	288	peak_995	128	peak_995	148
peak_1003	110	peak_1003	44	peak_1003	77
peak_1017	180	peak_1017	120	peak_1017	90
peak_1020	211	peak_1020	116	peak_1020	125
peak_1034	105	peak_1034	24	peak_1034	62
peak_1037	125	peak_1037	40	peak_1037	67
peak_1038	123	peak_1038	44	peak_1038	76
peak_1044	123	peak_1044	27	peak_1044	83
peak_1050	149	peak_1050	46	peak_1050	75
peak_1051	127	peak_1051	45	peak_1051	90
peak_1052	106	peak_1052	41	peak_1052	62
peak_1097	171	peak_1097	79	peak_1097	88
peak_1104	151	peak_1104	88	peak_1104	80
peak_1138	161	peak_1138	106	peak_1138	109
peak_1139	230	peak_1139	155	peak_1139	165
peak_1147	138	peak_1147	77	peak_1147	77
peak_1151	165	peak_1151	107	peak_1151	97
peak_1160	173	peak_1160	74	peak_1160	82
peak_1165	85	peak_1165	60	peak_1165	50
peak_1169	230	peak_1169	91	peak_1169	152
peak_1173	198	peak_1173	81	peak_1173	94
peak_1176	106	peak_1176	60	peak_1176	77
peak_1177	236	peak_1177	126	peak_1177	203
peak_1179	145	peak_1179	113	peak_1179	113
peak_1187	433	peak_1187	148	peak_1187	219
peak_1192	108	peak_1192	35	peak_1192	89
peak_1208	112	peak_1208	63	peak_1208	76
peak_1212	140	peak_1212	48	peak_1212	73
peak_1238	446	peak_1238	154	peak_1238	201
peak_1245	121	peak_1245	48	peak_1245	88
peak_1266	117	peak_1266	64	peak_1266	77
peak_1267	140	peak_1267	93	peak_1267	80
peak_1270	162	peak_1270	55	peak_1270	76
peak_1287	344	peak_1287	120	peak_1287	220
peak_1288	134	peak_1288	61	peak_1288	103
peak_1314	170	peak_1314	77	peak_1314	122
peak_1322	159	peak_1322	69	peak_1322	94
peak_1325	315	peak_1325	131	peak_1325	227
peak_1329	224	peak_1329	109	peak_1329	103
peak_1342	118	peak_1342	48	peak_1342	87
peak_1344	257	peak_1344	135	peak_1344	178
peak_1349	125	peak_1349	78	peak_1349	113
peak_1351	211	peak_1351	90	peak_1351	126
peak_1361	106	peak_1361	53	peak_1361	61
peak_1367	126	peak_1367	69	peak_1367	87
peak_1373	190	peak_1373	135	peak_1373	151
peak_1396	97	peak_1396	44	peak_1396	96
peak_1397	254	peak_1397	139	peak_1397	143
peak_1400	140	peak_1400	65	peak_1400	75
peak_1407	197	peak_1407	101	peak_1407	106
peak_1409	114	peak_1409	82	peak_1409	98
peak_1411	199	peak_1411	107	peak_1411	132
peak_1416	319	peak_1416	199	peak_1416	190
peak_1428	116	peak_1428	74	peak_1428	99
peak_1430	832	peak_1430	437	peak_1430	514
peak_1440	199	peak_1440	149	peak_1440	145
peak_1441	135	peak_1441	83	peak_1441	95
peak_1443	168	peak_1443	100	peak_1443	100
peak_1459	117	peak_1459	53	peak_1459	45
peak_1468	164	peak_1468	114	peak_1468	101
peak_1469	713	peak_1469	445	peak_1469	413
peak_1473	210	peak_1473	101	peak_1473	83
peak_1474	193	peak_1474	138	peak_1474	179
peak_1475	135	peak_1475	101	peak_1475	75
peak_1488	23	peak_1488	14	peak_1488	31
peak_1489	46	peak_1489	26	peak_1489	25
peak_1490	533	peak_1490	329	peak_1490	392
peak_1494	119	peak_1494	91	peak_1494	97
peak_1495	1087	peak_1495	563	peak_1495	769
peak_1496	19	peak_1496	21	peak_1496	31
peak_1497	590	peak_1497	299	peak_1497	333
peak_1498	200	peak_1498	109	peak_1498	118
peak_1499	181	peak_1499	110	peak_1499	111
peak_1502	199	peak_1502	110	peak_1502	115
peak_1504	886	peak_1504	600	peak_1504	626
peak_1505	260	peak_1505	158	peak_1505	179
peak_1507	63	peak_1507	37	peak_1507	67
peak_1508	74	peak_1508	35	peak_1508	78
peak_1510	163	peak_1510	112	peak_1510	119
peak_1512	115	peak_1512	56	peak_1512	76
peak_1513	142	peak_1513	63	peak_1513	130
peak_1525	149	peak_1525	59	peak_1525	78
peak_1547	156	peak_1547	89	peak_1547	84
peak_1549	135	peak_1549	76	peak_1549	78
peak_1564	188	peak_1564	89	peak_1564	93
peak_1565	193	peak_1565	87	peak_1565	130
peak_1572	160	peak_1572	57	peak_1572	79
peak_1578	137	peak_1578	54	peak_1578	64
peak_1579	71	peak_1579	36	peak_1579	42
peak_1580	184	peak_1580	49	peak_1580	101
peak_1597	66	peak_1597	27	peak_1597	28
peak_1598	222	peak_1598	65	peak_1598	151
peak_1609	149	peak_1609	104	peak_1609	112
peak_1611	131	peak_1611	71	peak_1611	96
peak_1612	178	peak_1612	121	peak_1612	157
peak_1614	155	peak_1614	81	peak_1614	96
peak_1616	738	peak_1616	344	peak_1616	433
peak_1618	136	peak_1618	83	peak_1618	89
peak_1619	171	peak_1619	126	peak_1619	123
peak_1620	49	peak_1620	43	peak_1620	51
peak_1623	682	peak_1623	300	peak_1623	468
peak_1625	204	peak_1625	139	peak_1625	135
peak_1626	558	peak_1626	368	peak_1626	471
peak_1630	226	peak_1630	105	peak_1630	154
peak_1633	164	peak_1633	49	peak_1633	83
peak_1636	200	peak_1636	59	peak_1636	100
peak_1638	139	peak_1638	47	peak_1638	89
peak_1655	505	peak_1655	332	peak_1655	380
peak_1658	1959	peak_1658	900	peak_1658	1195
peak_1659	225	peak_1659	157	peak_1659	124
peak_1660	142	peak_1660	106	peak_1660	105
peak_1663	585	peak_1663	356	peak_1663	397
peak_1664	138	peak_1664	70	peak_1664	91
peak_1667	193	peak_1667	71	peak_1667	138
peak_1670	168	peak_1670	56	peak_1670	125
peak_1680	145	peak_1680	87	peak_1680	94
peak_1688	317	peak_1688	126	peak_1688	159
peak_1690	142	peak_1690	32	peak_1690	60
peak_1694	178	peak_1694	77	peak_1694	110
peak_1695	168	peak_1695	49	peak_1695	87
peak_1697	244	peak_1697	112	peak_1697	149
peak_1698	153	peak_1698	61	peak_1698	68
peak_1709	181	peak_1709	84	peak_1709	142
peak_1713	307	peak_1713	112	peak_1713	198
peak_1716	176	peak_1716	71	peak_1716	81
peak_1720	233	peak_1720	64	peak_1720	161
peak_1721	376	peak_1721	135	peak_1721	203
peak_1734	140	peak_1734	56	peak_1734	67
peak_1759	153	peak_1759	40	peak_1759	85
peak_1789	368	peak_1789	165	peak_1789	266
peak_1790	336	peak_1790	173	peak_1790	255
peak_1791	144	peak_1791	66	peak_1791	112
peak_1792	103	peak_1792	34	peak_1792	48
peak_1799	212	peak_1799	95	peak_1799	106
peak_1813	97	peak_1813	64	peak_1813	48
peak_1814	150	peak_1814	108	peak_1814	106
peak_1823	630	peak_1823	226	peak_1823	361
peak_1825	110	peak_1825	54	peak_1825	70
peak_1839	124	peak_1839	35	peak_1839	65
peak_1842	134	peak_1842	45	peak_1842	77
peak_1849	214	peak_1849	83	peak_1849	116
peak_1851	64	peak_1851	34	peak_1851	43
peak_1853	150	peak_1853	62	peak_1853	86
peak_1874	121	peak_1874	52	peak_1874	96
peak_1875	130	peak_1875	48	peak_1875	87
peak_1876	117	peak_1876	54	peak_1876	59
peak_1893	182	peak_1893	59	peak_1893	103
peak_1896	229	peak_1896	84	peak_1896	121
peak_1898	183	peak_1898	63	peak_1898	90
peak_1910	1135	peak_1910	681	peak_1910	701
peak_1911	118	peak_1911	58	peak_1911	66
peak_1916	191	peak_1916	121	peak_1916	185
peak_1917	148	peak_1917	78	peak_1917	100
peak_1924	318	peak_1924	142	peak_1924	162
peak_1930	168	peak_1930	65	peak_1930	101
peak_1943	235	peak_1943	78	peak_1943	101
peak_1947	209	peak_1947	74	peak_1947	70
peak_1962	840	peak_1962	195	peak_1962	427
peak_1970	247	peak_1970	96	peak_1970	172
peak_1999	129	peak_1999	62	peak_1999	107
peak_2007	228	peak_2007	130	peak_2007	146
peak_2012	283	peak_2012	87	peak_2012	146
peak_2018	104	peak_2018	92	peak_2018	79
peak_2020	453	peak_2020	287	peak_2020	284
peak_2024	436	peak_2024	139	peak_2024	173
peak_2029	188	peak_2029	55	peak_2029	95
peak_2032	111	peak_2032	83	peak_2032	69
peak_2033	197	peak_2033	91	peak_2033	84
peak_2039	112	peak_2039	59	peak_2039	66
peak_2043	167	peak_2043	94	peak_2043	104
peak_2046	190	peak_2046	127	peak_2046	118
peak_2048	176	peak_2048	121	peak_2048	113
peak_2051	136	peak_2051	88	peak_2051	95
peak_2061	215	peak_2061	84	peak_2061	134
peak_2094	81	peak_2094	31	peak_2094	45
peak_2102	180	peak_2102	68	peak_2102	81
peak_2110	107	peak_2110	33	peak_2110	65
peak_2116	110	peak_2116	25	peak_2116	55
peak_2120	124	peak_2120	31	peak_2120	61
peak_2124	138	peak_2124	35	peak_2124	76
peak_2126	182	peak_2126	68	peak_2126	117
peak_2136	230	peak_2136	67	peak_2136	136
peak_2137	793	peak_2137	247	peak_2137	462
peak_2138	281	peak_2138	98	peak_2138	131
peak_2146	339	peak_2146	189	peak_2146	178
peak_2148	150	peak_2148	78	peak_2148	105
peak_2155	176	peak_2155	112	peak_2155	112
peak_2159	118	peak_2159	84	peak_2159	63
peak_2164	82	peak_2164	39	peak_2164	67
peak_2166	572	peak_2166	244	peak_2166	322
peak_2171	843	peak_2171	377	peak_2171	533
peak_2176	129	peak_2176	92	peak_2176	126
peak_2177	379	peak_2177	183	peak_2177	244
peak_2181	178	peak_2181	97	peak_2181	108
peak_2195	263	peak_2195	130	peak_2195	147
peak_2197	119	peak_2197	79	peak_2197	104
peak_2203	143	peak_2203	66	peak_2203	107
peak_2212	147	peak_2212	84	peak_2212	109
peak_2237	237	peak_2237	145	peak_2237	108
peak_2238	348	peak_2238	183	peak_2238	207
peak_2255	188	peak_2255	131	peak_2255	96
peak_2257	165	peak_2257	100	peak_2257	128
peak_2259	176	peak_2259	96	peak_2259	93
peak_2270	142	peak_2270	84	peak_2270	88
peak_2275	247	peak_2275	165	peak_2275	127
peak_2278	123	peak_2278	83	peak_2278	70
peak_2279	110	peak_2279	85	peak_2279	68
peak_2281	887	peak_2281	461	peak_2281	524
peak_2285	163	peak_2285	67	peak_2285	114
peak_2286	265	peak_2286	134	peak_2286	201
peak_2288	256	peak_2288	89	peak_2288	129
peak_2291	116	peak_2291	91	peak_2291	86
peak_2294	111	peak_2294	61	peak_2294	88
peak_2305	139	peak_2305	44	peak_2305	106
peak_2309	149	peak_2309	83	peak_2309	115
peak_2311	142	peak_2311	55	peak_2311	79
peak_2312	193	peak_2312	81	peak_2312	145
peak_2344	370	peak_2344	103	peak_2344	161
peak_2347	106	peak_2347	42	peak_2347	72
peak_2360	199	peak_2360	55	peak_2360	85
peak_2362	143	peak_2362	43	peak_2362	68
peak_2364	217	peak_2364	56	peak_2364	107
peak_2365	120	peak_2365	32	peak_2365	57
peak_2376	134	peak_2376	39	peak_2376	72
peak_2388	124	peak_2388	53	peak_2388	74
peak_2391	305	peak_2391	105	peak_2391	137
peak_2398	160	peak_2398	75	peak_2398	102
peak_2401	173	peak_2401	82	peak_2401	89
peak_2405	137	peak_2405	54	peak_2405	76
peak_2422	140	peak_2422	62	peak_2422	83
peak_2423	108	peak_2423	33	peak_2423	62
peak_2427	113	peak_2427	74	peak_2427	52
peak_2434	187	peak_2434	121	peak_2434	117
peak_2438	191	peak_2438	97	peak_2438	149
peak_2440	1535	peak_2440	764	peak_2440	866
peak_2442	429	peak_2442	230	peak_2442	283
peak_2443	179	peak_2443	139	peak_2443	118
peak_2449	185	peak_2449	117	peak_2449	111
peak_2453	121	peak_2453	51	peak_2453	60
peak_2461	276	peak_2461	148	peak_2461	188
peak_2473	286	peak_2473	117	peak_2473	188
peak_2474	53	peak_2474	44	peak_2474	73
peak_2475	258	peak_2475	145	peak_2475	191
peak_2477	229	peak_2477	174	peak_2477	152
peak_2479	111	peak_2479	88	peak_2479	60
peak_2494	193	peak_2494	80	peak_2494	106
peak_2495	556	peak_2495	228	peak_2495	349
peak_2496	136	peak_2496	55	peak_2496	71
peak_2498	216	peak_2498	79	peak_2498	139
peak_2503	240	peak_2503	109	peak_2503	112
peak_2521	152	peak_2521	41	peak_2521	70
peak_2526	305	peak_2526	86	peak_2526	143
peak_2545	188	peak_2545	87	peak_2545	105
peak_2547	107	peak_2547	90	peak_2547	81
peak_2564	212	peak_2564	146	peak_2564	125
peak_2565	107	peak_2565	47	peak_2565	69
peak_2581	446	peak_2581	205	peak_2581	287
peak_2641	220	peak_2641	70	peak_2641	72
peak_2655	147	peak_2655	83	peak_2655	103
peak_2659	116	peak_2659	57	peak_2659	73
peak_2664	114	peak_2664	60	peak_2664	80
peak_2688	211	peak_2688	86	peak_2688	146
peak_2689	66	peak_2689	41	peak_2689	66
peak_2690	318	peak_2690	171	peak_2690	206
peak_2691	120	peak_2691	64	peak_2691	92
peak_2699	146	peak_2699	82	peak_2699	71
peak_2700	194	peak_2700	79	peak_2700	107
peak_2714	93	peak_2714	43	peak_2714	64
peak_2715	980	peak_2715	345	peak_2715	554
peak_2728	208	peak_2728	114	peak_2728	114
peak_2740	138	peak_2740	80	peak_2740	68
peak_2752	388	peak_2752	177	peak_2752	213
peak_2779	190	peak_2779	71	peak_2779	129
peak_2782	91	peak_2782	56	peak_2782	109
peak_2813	162	peak_2813	47	peak_2813	96
peak_2820	168	peak_2820	89	peak_2820	132
peak_2829	207	peak_2829	98	peak_2829	99
peak_2852	123	peak_2852	61	peak_2852	72
peak_2864	157	peak_2864	43	peak_2864	70
peak_2871	206	peak_2871	81	peak_2871	112
peak_2873	611	peak_2873	564	peak_2873	594
peak_2879	276	peak_2879	106	peak_2879	159
peak_2880	137	peak_2880	62	peak_2880	89
peak_2891	134	peak_2891	79	peak_2891	87
peak_2892	122	peak_2892	68	peak_2892	89
peak_2893	138	peak_2893	80	peak_2893	78
peak_2899	135	peak_2899	58	peak_2899	78
peak_2907	277	peak_2907	104	peak_2907	117
peak_2908	326	peak_2908	152	peak_2908	186
peak_2916	182	peak_2916	73	peak_2916	75
peak_2920	121	peak_2920	47	peak_2920	63
peak_2925	169	peak_2925	66	peak_2925	91
peak_2926	150	peak_2926	61	peak_2926	92
peak_2930	118	peak_2930	63	peak_2930	67
peak_2934	128	peak_2934	66	peak_2934	75
peak_2936	147	peak_2936	81	peak_2936	69
peak_2954	170	peak_2954	60	peak_2954	90
peak_2960	146	peak_2960	58	peak_2960	69
peak_2965	151	peak_2965	58	peak_2965	107
peak_2966	138	peak_2966	87	peak_2966	121
peak_2967	122	peak_2967	75	peak_2967	94
peak_2971	236	peak_2971	104	peak_2971	172
peak_2990	194	peak_2990	80	peak_2990	101
peak_2993	185	peak_2993	64	peak_2993	95
peak_3004	468	peak_3004	175	peak_3004	245
peak_3012	128	peak_3012	52	peak_3012	74
peak_3019	155	peak_3019	62	peak_3019	82
peak_3031	58	peak_3031	16	peak_3031	55
peak_3032	105	peak_3032	37	peak_3032	77
peak_3035	212	peak_3035	119	peak_3035	114
peak_3037	231	peak_3037	124	peak_3037	161
peak_3039	206	peak_3039	134	peak_3039	142
peak_3046	419	peak_3046	163	peak_3046	197
peak_3052	192	peak_3052	62	peak_3052	99
peak_3080	189	peak_3080	93	peak_3080	152
peak_3082	334	peak_3082	107	peak_3082	121
peak_3084	173	peak_3084	45	peak_3084	112
peak_3086	172	peak_3086	67	peak_3086	104
peak_3096	133	peak_3096	42	peak_3096	68
peak_3100	125	peak_3100	63	peak_3100	87
peak_3103	189	peak_3103	95	peak_3103	105
peak_3109	288	peak_3109	130	peak_3109	143
peak_3110	141	peak_3110	51	peak_3110	80
peak_3121	219	peak_3121	60	peak_3121	92
peak_3134	218	peak_3134	100	peak_3134	130
peak_3138	159	peak_3138	60	peak_3138	103
peak_3139	86	peak_3139	30	peak_3139	66
peak_3140	104	peak_3140	64	peak_3140	69
peak_3142	100	peak_3142	43	peak_3142	57
peak_3143	157	peak_3143	83	peak_3143	87
peak_3147	238	peak_3147	93	peak_3147	161
peak_3153	180	peak_3153	122	peak_3153	81
peak_3157	164	peak_3157	94	peak_3157	123
peak_3172	145	peak_3172	49	peak_3172	87
peak_3176	175	peak_3176	65	peak_3176	100
peak_3178	184	peak_3178	55	peak_3178	93
peak_3190	347	peak_3190	140	peak_3190	195
peak_3194	147	peak_3194	66	peak_3194	81
peak_3196	192	peak_3196	133	peak_3196	114
peak_3198	122	peak_3198	81	peak_3198	86
peak_3203	139	peak_3203	40	peak_3203	57
peak_3212	149	peak_3212	43	peak_3212	83
peak_3217	212	peak_3217	129	peak_3217	128
peak_3218	174	peak_3218	93	peak_3218	103
peak_3222	103	peak_3222	56	peak_3222	81
peak_3232	225	peak_3232	139	peak_3232	119
peak_3234	177	peak_3234	80	peak_3234	88
peak_3235	108	peak_3235	54	peak_3235	73
peak_3258	139	peak_3258	59	peak_3258	81
peak_3260	138	peak_3260	78	peak_3260	57
peak_3284	107	peak_3284	42	peak_3284	53
peak_3295	150	peak_3295	73	peak_3295	100
peak_3300	130	peak_3300	40	peak_3300	78
peak_3303	188	peak_3303	62	peak_3303	114
peak_3308	276	peak_3308	71	peak_3308	222
peak_3330	170	peak_3330	85	peak_3330	92
peak_3334	488	peak_3334	223	peak_3334	275
peak_3341	115	peak_3341	58	peak_3341	83
peak_3342	303	peak_3342	150	peak_3342	184
peak_3343	398	peak_3343	202	peak_3343	302
peak_3353	159	peak_3353	58	peak_3353	109
peak_3356	113	peak_3356	38	peak_3356	92
peak_3400	119	peak_3400	61	peak_3400	71
peak_3405	186	peak_3405	55	peak_3405	93
peak_3409	135	peak_3409	47	peak_3409	53
peak_3447	170	peak_3447	38	peak_3447	108
peak_3482	156	peak_3482	60	peak_3482	84
peak_3483	106	peak_3483	46	peak_3483	49
peak_3489	158	peak_3489	75	peak_3489	101
peak_3490	153	peak_3490	75	peak_3490	80
peak_3510	139	peak_3510	51	peak_3510	97
peak_3516	193	peak_3516	111	peak_3516	102
peak_3517	157	peak_3517	66	peak_3517	119
peak_3524	138	peak_3524	62	peak_3524	112
peak_3526	165	peak_3526	55	peak_3526	70
peak_3533	144	peak_3533	49	peak_3533	90
peak_3538	260	peak_3538	100	peak_3538	126
peak_3544	222	peak_3544	85	peak_3544	92
peak_3555	93	peak_3555	45	peak_3555	73
peak_3571	157	peak_3571	65	peak_3571	66
peak_3603	422	peak_3603	253	peak_3603	268
peak_3620	274	peak_3620	159	peak_3620	148
peak_3631	163	peak_3631	48	peak_3631	140
peak_3643	172	peak_3643	62	peak_3643	92
peak_3664	538	peak_3664	147	peak_3664	289
peak_3665	138	peak_3665	58	peak_3665	87
peak_3666	89	peak_3666	34	peak_3666	55
peak_3672	96	peak_3672	38	peak_3672	72
peak_3676	167	peak_3676	63	peak_3676	133
peak_3678	105	peak_3678	42	peak_3678	86
peak_3687	230	peak_3687	118	peak_3687	127
peak_3691	171	peak_3691	130	peak_3691	98
peak_3696	133	peak_3696	98	peak_3696	126
peak_3697	252	peak_3697	162	peak_3697	130
peak_3700	52	peak_3700	38	peak_3700	29
peak_3706	204	peak_3706	112	peak_3706	123
peak_3708	247	peak_3708	125	peak_3708	152
peak_3711	94	peak_3711	63	peak_3711	81
peak_3714	197	peak_3714	112	peak_3714	152
peak_3729	125	peak_3729	101	peak_3729	82
peak_3738	124	peak_3738	56	peak_3738	86
peak_3741	152	peak_3741	73	peak_3741	135
peak_3751	158	peak_3751	71	peak_3751	113
peak_3753	273	peak_3753	129	peak_3753	138
peak_3754	463	peak_3754	230	peak_3754	257
peak_3756	49	peak_3756	37	peak_3756	40
peak_3757	283	peak_3757	156	peak_3757	208
peak_3758	734	peak_3758	371	peak_3758	523
peak_3765	245	peak_3765	166	peak_3765	124
peak_3778	214	peak_3778	99	peak_3778	147
peak_3787	164	peak_3787	51	peak_3787	66
peak_3792	300	peak_3792	100	peak_3792	195
peak_3793	99	peak_3793	30	peak_3793	78
peak_3797	169	peak_3797	57	peak_3797	105
peak_3811	124	peak_3811	59	peak_3811	82
peak_3840	160	peak_3840	62	peak_3840	101
peak_3843	146	peak_3843	60	peak_3843	85
peak_3844	157	peak_3844	74	peak_3844	132
peak_3845	145	peak_3845	66	peak_3845	127
peak_3850	252	peak_3850	98	peak_3850	165
peak_3853	212	peak_3853	72	peak_3853	95
peak_3856	174	peak_3856	49	peak_3856	99
peak_3873	194	peak_3873	84	peak_3873	106
peak_3905	254	peak_3905	145	peak_3905	175
peak_3917	132	peak_3917	62	peak_3917	82
peak_3921	258	peak_3921	134	peak_3921	139
peak_3924	188	peak_3924	97	peak_3924	109
peak_3933	116	peak_3933	44	peak_3933	71
peak_3940	324	peak_3940	187	peak_3940	254
peak_3953	392	peak_3953	172	peak_3953	191
peak_3956	184	peak_3956	77	peak_3956	98
peak_3962	115	peak_3962	26	peak_3962	46
peak_3965	136	peak_3965	43	peak_3965	74
peak_3968	304	peak_3968	99	peak_3968	159
peak_3978	186	peak_3978	72	peak_3978	120
peak_3989	210	peak_3989	94	peak_3989	144
peak_3993	133	peak_3993	51	peak_3993	95
peak_4010	172	peak_4010	64	peak_4010	108
peak_4011	67	peak_4011	18	peak_4011	37
peak_4015	105	peak_4015	59	peak_4015	60
peak_4016	123	peak_4016	75	peak_4016	88
peak_4032	429	peak_4032	229	peak_4032	256
peak_4035	325	peak_4035	180	peak_4035	198
peak_4036	522	peak_4036	269	peak_4036	358
peak_4037	189	peak_4037	123	peak_4037	98
peak_4050	148	peak_4050	77	peak_4050	98
peak_4063	216	peak_4063	69	peak_4063	100
peak_4070	171	peak_4070	88	peak_4070	100
peak_4077	178	peak_4077	77	peak_4077	96
peak_4081	180	peak_4081	63	peak_4081	118
peak_4095	117	peak_4095	49	peak_4095	76
peak_4137	442	peak_4137	154	peak_4137	217
peak_4152	124	peak_4152	55	peak_4152	59
peak_4158	433	peak_4158	142	peak_4158	247
peak_4159	489	peak_4159	188	peak_4159	350
peak_4169	144	peak_4169	90	peak_4169	77
peak_4183	133	peak_4183	92	peak_4183	68
peak_4198	521	peak_4198	264	peak_4198	312
peak_4199	258	peak_4199	128	peak_4199	161
peak_4226	196	peak_4226	101	peak_4226	115
peak_4236	423	peak_4236	174	peak_4236	220
peak_4243	142	peak_4243	64	peak_4243	71
peak_4248	127	peak_4248	46	peak_4248	82
peak_4264	122	peak_4264	50	peak_4264	57
peak_4272	468	peak_4272	239	peak_4272	279
peak_4287	119	peak_4287	56	peak_4287	74
peak_4297	224	peak_4297	51	peak_4297	77
peak_4304	128	peak_4304	56	peak_4304	90
peak_4306	161	peak_4306	67	peak_4306	115
peak_4312	240	peak_4312	132	peak_4312	150
peak_4318	98	peak_4318	60	peak_4318	72
peak_4330	224	peak_4330	107	peak_4330	154
peak_4334	162	peak_4334	58	peak_4334	131
peak_4335	100	peak_4335	55	peak_4335	77
peak_4338	235	peak_4338	102	peak_4338	120
peak_4340	195	peak_4340	141	peak_4340	128
peak_4348	138	peak_4348	52	peak_4348	82
peak_4368	246	peak_4368	148	peak_4368	138
peak_4377	165	peak_4377	66	peak_4377	102
peak_4392	149	peak_4392	109	peak_4392	110
peak_4399	148	peak_4399	99	peak_4399	96
peak_4423	139	peak_4423	65	peak_4423	86
peak_4435	335	peak_4435	108	peak_4435	257
peak_4464	518	peak_4464	206	peak_4464	296
peak_4484	98	peak_4484	63	peak_4484	77
peak_4492	195	peak_4492	107	peak_4492	139
peak_4496	109	peak_4496	79	peak_4496	74
peak_4506	170	peak_4506	103	peak_4506	105
peak_4509	77	peak_4509	35	peak_4509	67
peak_4510	353	peak_4510	158	peak_4510	261
peak_4524	236	peak_4524	190	peak_4524	148
peak_4528	254	peak_4528	97	peak_4528	148
peak_4541	207	peak_4541	106	peak_4541	152
peak_4545	170	peak_4545	80	peak_4545	123
peak_4547	334	peak_4547	131	peak_4547	206
peak_4549	396	peak_4549	153	peak_4549	226
peak_4557	197	peak_4557	109	peak_4557	146
peak_4559	28	peak_4559	19	peak_4559	17
peak_4560	92	peak_4560	36	peak_4560	47
peak_4564	223	peak_4564	103	peak_4564	130
peak_4576	310	peak_4576	161	peak_4576	272
peak_4577	110	peak_4577	76	peak_4577	89
peak_4590	134	peak_4590	53	peak_4590	89
peak_4599	192	peak_4599	88	peak_4599	117
peak_4626	133	peak_4626	55	peak_4626	89
peak_4637	276	peak_4637	149	peak_4637	151
peak_4663	271	peak_4663	99	peak_4663	117
peak_4665	287	peak_4665	74	peak_4665	130
peak_4674	233	peak_4674	94	peak_4674	148
peak_4678	255	peak_4678	107	peak_4678	150
peak_4680	129	peak_4680	32	peak_4680	61
peak_4712	321	peak_4712	153	peak_4712	214
peak_4732	188	peak_4732	70	peak_4732	59
peak_4753	249	peak_4753	149	peak_4753	123
peak_4755	121	peak_4755	52	peak_4755	72
peak_4763	247	peak_4763	98	peak_4763	130
peak_4765	193	peak_4765	83	peak_4765	93
peak_4767	156	peak_4767	123	peak_4767	124
peak_4776	175	peak_4776	142	peak_4776	123
peak_4780	114	peak_4780	51	peak_4780	76
peak_4781	568	peak_4781	248	peak_4781	366
peak_4788	108	peak_4788	87	peak_4788	93
peak_4805	229	peak_4805	84	peak_4805	132
peak_4806	222	peak_4806	98	peak_4806	118
peak_4812	256	peak_4812	130	peak_4812	150
peak_4814	115	peak_4814	57	peak_4814	50
peak_4825	230	peak_4825	138	peak_4825	188
peak_4826	224	peak_4826	153	peak_4826	178
peak_4833	175	peak_4833	99	peak_4833	104
peak_4853	168	peak_4853	93	peak_4853	109
peak_4854	138	peak_4854	82	peak_4854	57
peak_4859	174	peak_4859	57	peak_4859	111
peak_4872	168	peak_4872	57	peak_4872	81
peak_4875	199	peak_4875	77	peak_4875	145
peak_4882	138	peak_4882	73	peak_4882	76
peak_4893	378	peak_4893	208	peak_4893	225
peak_4896	209	peak_4896	117	peak_4896	136
peak_4903	157	peak_4903	61	peak_4903	95
peak_4907	153	peak_4907	50	peak_4907	106
peak_4916	186	peak_4916	154	peak_4916	115
peak_4917	107	peak_4917	86	peak_4917	83
peak_4923	369	peak_4923	170	peak_4923	223
peak_4930	181	peak_4930	63	peak_4930	95
peak_4935	189	peak_4935	122	peak_4935	128
peak_4944	207	peak_4944	105	peak_4944	128
peak_4947	166	peak_4947	103	peak_4947	119
peak_4965	580	peak_4965	237	peak_4965	383
peak_4976	315	peak_4976	197	peak_4976	191
peak_4986	249	peak_4986	103	peak_4986	118
peak_4988	137	peak_4988	56	peak_4988	69
peak_4995	299	peak_4995	136	peak_4995	166
peak_5014	186	peak_5014	83	peak_5014	106
peak_5022	295	peak_5022	92	peak_5022	152
peak_5023	111	peak_5023	45	peak_5023	56
peak_5027	366	peak_5027	155	peak_5027	182
peak_5028	203	peak_5028	72	peak_5028	117
peak_5034	152	peak_5034	107	peak_5034	95
peak_5048	128	peak_5048	50	peak_5048	80
peak_5060	107	peak_5060	52	peak_5060	87
peak_5067	196	peak_5067	109	peak_5067	134
peak_5081	272	peak_5081	130	peak_5081	150
peak_5096	138	peak_5096	33	peak_5096	77
peak_5108	96	peak_5108	42	peak_5108	62
peak_5112	103	peak_5112	34	peak_5112	40
peak_5113	81	peak_5113	33	peak_5113	51
peak_5130	100	peak_5130	36	peak_5130	67
peak_5134	520	peak_5134	244	peak_5134	272
peak_5141	198	peak_5141	96	peak_5141	132
peak_5142	92	peak_5142	29	peak_5142	54
peak_5144	145	peak_5144	57	peak_5144	80
peak_5145	145	peak_5145	42	peak_5145	94
peak_5150	178	peak_5150	67	peak_5150	104
peak_5159	366	peak_5159	162	peak_5159	233
peak_5162	191	peak_5162	50	peak_5162	97
peak_5165	237	peak_5165	68	peak_5165	114
peak_5166	645	peak_5166	243	peak_5166	354
peak_5167	119	peak_5167	35	peak_5167	70
peak_5170	408	peak_5170	175	peak_5170	235
peak_5184	124	peak_5184	44	peak_5184	66
peak_5185	194	peak_5185	83	peak_5185	174
peak_5199	199	peak_5199	71	peak_5199	107
peak_5221	191	peak_5221	70	peak_5221	120
peak_5227	284	peak_5227	175	peak_5227	160
peak_5231	316	peak_5231	150	peak_5231	165
peak_5251	246	peak_5251	96	peak_5251	139
peak_5257	133	peak_5257	75	peak_5257	63
peak_5260	407	peak_5260	188	peak_5260	235
peak_5266	115	peak_5266	113	peak_5266	58
peak_5267	185	peak_5267	147	peak_5267	113
peak_5273	129	peak_5273	82	peak_5273	106
peak_5275	288	peak_5275	130	peak_5275	168
peak_5276	159	peak_5276	63	peak_5276	78
peak_5280	246	peak_5280	160	peak_5280	141
peak_5281	86	peak_5281	52	peak_5281	67
peak_5288	175	peak_5288	89	peak_5288	155
peak_5289	261	peak_5289	197	peak_5289	201
peak_5293	145	peak_5293	64	peak_5293	73
peak_5302	123	peak_5302	39	peak_5302	58
peak_5312	93	peak_5312	48	peak_5312	90
peak_5321	283	peak_5321	165	peak_5321	181
peak_5332	170	peak_5332	55	peak_5332	109
peak_5333	126	peak_5333	42	peak_5333	84
peak_5344	191	peak_5344	93	peak_5344	103
peak_5349	166	peak_5349	72	peak_5349	90
peak_5360	158	peak_5360	61	peak_5360	54
peak_5365	144	peak_5365	70	peak_5365	91
peak_5376	172	peak_5376	66	peak_5376	113
peak_5387	163	peak_5387	58	peak_5387	96
peak_5419	176	peak_5419	80	peak_5419	148
peak_5428	139	peak_5428	54	peak_5428	79
peak_5429	332	peak_5429	95	peak_5429	198
peak_5430	165	peak_5430	58	peak_5430	60
peak_5434	81	peak_5434	39	peak_5434	59
peak_5435	83	peak_5435	29	peak_5435	44
peak_5439	112	peak_5439	49	peak_5439	86
peak_5442	272	peak_5442	84	peak_5442	157
peak_5449	144	peak_5449	51	peak_5449	61
peak_5458	622	peak_5458	311	peak_5458	344
peak_5474	186	peak_5474	58	peak_5474	91
peak_5476	124	peak_5476	51	peak_5476	81
peak_5477	156	peak_5477	63	peak_5477	71
peak_5479	30	peak_5479	10	peak_5479	12
peak_5480	64	peak_5480	29	peak_5480	31
peak_5481	227	peak_5481	84	peak_5481	129
peak_5482	166	peak_5482	48	peak_5482	70
peak_5492	160	peak_5492	84	peak_5492	101
peak_5493	573	peak_5493	274	peak_5493	337
peak_5494	131	peak_5494	37	peak_5494	86
peak_5521	113	peak_5521	40	peak_5521	70
peak_5533	93	peak_5533	22	peak_5533	78
peak_5541	134	peak_5541	49	peak_5541	69
peak_5543	182	peak_5543	78	peak_5543	90
peak_5544	135	peak_5544	54	peak_5544	88
peak_5549	176	peak_5549	96	peak_5549	115
peak_5550	186	peak_5550	70	peak_5550	109
peak_5571	234	peak_5571	178	peak_5571	178
peak_5572	157	peak_5572	126	peak_5572	140
peak_5589	227	peak_5589	86	peak_5589	94
peak_5618	155	peak_5618	57	peak_5618	86
peak_5643	143	peak_5643	72	peak_5643	89
peak_5645	287	peak_5645	146	peak_5645	132
peak_5647	110	peak_5647	75	peak_5647	66
peak_5650	171	peak_5650	93	peak_5650	109
peak_5656	717	peak_5656	268	peak_5656	511
peak_5657	866	peak_5657	367	peak_5657	495
peak_5662	222	peak_5662	55	peak_5662	83
peak_5669	195	peak_5669	118	peak_5669	114
peak_5670	152	peak_5670	89	peak_5670	92
peak_5671	119	peak_5671	55	peak_5671	87
peak_5674	127	peak_5674	59	peak_5674	106
peak_5675	123	peak_5675	49	peak_5675	84
peak_5691	171	peak_5691	75	peak_5691	86
peak_5706	181	peak_5706	97	peak_5706	142
peak_5707	106	peak_5707	63	peak_5707	78
peak_5710	222	peak_5710	161	peak_5710	156
peak_5712	100	peak_5712	65	peak_5712	88
peak_5714	95	peak_5714	62	peak_5714	84
peak_5721	137	peak_5721	83	peak_5721	124
peak_5726	175	peak_5726	92	peak_5726	159
peak_5732	140	peak_5732	47	peak_5732	65
peak_5733	299	peak_5733	109	peak_5733	150
peak_5736	197	peak_5736	81	peak_5736	128
peak_5746	110	peak_5746	58	peak_5746	79
peak_5761	200	peak_5761	64	peak_5761	74
peak_5763	136	peak_5763	51	peak_5763	58
peak_5769	163	peak_5769	75	peak_5769	104
peak_5770	168	peak_5770	50	peak_5770	66
peak_5794	226	peak_5794	105	peak_5794	146
peak_5795	117	peak_5795	50	peak_5795	93
peak_5796	127	peak_5796	43	peak_5796	72
peak_5798	146	peak_5798	53	peak_5798	55
peak_5799	130	peak_5799	61	peak_5799	103
peak_5800	141	peak_5800	57	peak_5800	100
peak_5801	247	peak_5801	102	peak_5801	145
peak_5803	170	peak_5803	88	peak_5803	104
peak_5805	169	peak_5805	59	peak_5805	87
peak_5808	244	peak_5808	95	peak_5808	163
peak_5809	143	peak_5809	58	peak_5809	75
peak_5811	181	peak_5811	63	peak_5811	118
peak_5814	190	peak_5814	122	peak_5814	156
peak_5815	101	peak_5815	63	peak_5815	107
peak_5820	446	peak_5820	156	peak_5820	255
peak_5825	199	peak_5825	63	peak_5825	167
peak_5834	192	peak_5834	86	peak_5834	100
peak_5844	237	peak_5844	82	peak_5844	136
peak_5845	70	peak_5845	27	peak_5845	44
peak_5859	111	peak_5859	50	peak_5859	108
peak_5861	169	peak_5861	65	peak_5861	112
peak_5866	137	peak_5866	85	peak_5866	105
peak_5872	206	peak_5872	111	peak_5872	114
peak_5874	82	peak_5874	56	peak_5874	73
peak_5904	89	peak_5904	53	peak_5904	85
peak_5906	230	peak_5906	72	peak_5906	115
peak_5908	128	peak_5908	41	peak_5908	71
peak_5915	174	peak_5915	77	peak_5915	125
peak_5917	101	peak_5917	47	peak_5917	71
peak_5918	65	peak_5918	28	peak_5918	39
peak_5927	219	peak_5927	89	peak_5927	127
peak_5944	107	peak_5944	35	peak_5944	65
peak_5949	95	peak_5949	33	peak_5949	88
peak_5954	96	peak_5954	66	peak_5954	75
peak_5962	207	peak_5962	76	peak_5962	158
peak_5964	139	peak_5964	59	peak_5964	79
peak_5978	167	peak_5978	89	peak_5978	98
peak_5980	159	peak_5980	133	peak_5980	79
peak_5988	313	peak_5988	178	peak_5988	197
peak_6006	139	peak_6006	44	peak_6006	74
peak_6008	316	peak_6008	107	peak_6008	170
peak_6012	146	peak_6012	61	peak_6012	79
peak_6024	160	peak_6024	43	peak_6024	108
peak_6029	87	peak_6029	18	peak_6029	25
peak_6030	115	peak_6030	45	peak_6030	60
peak_6040	128	peak_6040	81	peak_6040	79
peak_6055	121	peak_6055	83	peak_6055	92
peak_6061	189	peak_6061	76	peak_6061	129
peak_6070	181	peak_6070	102	peak_6070	138
peak_6074	134	peak_6074	55	peak_6074	75
peak_6075	195	peak_6075	111	peak_6075	72
peak_6100	84	peak_6100	47	peak_6100	69
peak_6106	147	peak_6106	78	peak_6106	88
peak_6111	166	peak_6111	113	peak_6111	115
peak_6116	94	peak_6116	68	peak_6116	55
peak_6118	102	peak_6118	72	peak_6118	63
peak_6121	319	peak_6121	184	peak_6121	182
peak_6129	162	peak_6129	84	peak_6129	117
peak_6130	149	peak_6130	52	peak_6130	90
peak_6136	514	peak_6136	204	peak_6136	295
peak_6143	190	peak_6143	100	peak_6143	132
peak_6146	214	peak_6146	89	peak_6146	138
peak_6157	295	peak_6157	79	peak_6157	138
peak_6178	106	peak_6178	54	peak_6178	79
peak_6186	136	peak_6186	61	peak_6186	97
peak_6194	243	peak_6194	88	peak_6194	145
peak_6202	91	peak_6202	33	peak_6202	64
peak_6206	192	peak_6206	84	peak_6206	125
peak_6217	128	peak_6217	80	peak_6217	86
peak_6220	314	peak_6220	166	peak_6220	198
peak_6224	141	peak_6224	77	peak_6224	92
peak_6230	252	peak_6230	85	peak_6230	156
peak_6238	255	peak_6238	151	peak_6238	147
peak_6240	135	peak_6240	79	peak_6240	92
peak_6245	104	peak_6245	41	peak_6245	69
peak_6246	117	peak_6246	55	peak_6246	82
peak_6253	115	peak_6253	50	peak_6253	77
peak_6261	266	peak_6261	101	peak_6261	144
peak_6267	209	peak_6267	83	peak_6267	159
peak_6269	195	peak_6269	85	peak_6269	109
peak_6271	132	peak_6271	52	peak_6271	69
peak_6273	186	peak_6273	80	peak_6273	95
peak_6292	474	peak_6292	326	peak_6292	275
peak_6293	539	peak_6293	286	peak_6293	325
peak_6305	140	peak_6305	53	peak_6305	94
peak_6306	198	peak_6306	86	peak_6306	139
peak_6322	168	peak_6322	64	peak_6322	106
peak_6338	170	peak_6338	134	peak_6338	124
peak_6340	145	peak_6340	88	peak_6340	107
peak_6342	733	peak_6342	383	peak_6342	409
peak_6364	130	peak_6364	65	peak_6364	84
peak_6367	222	peak_6367	122	peak_6367	132
peak_6371	163	peak_6371	48	peak_6371	45
peak_6381	251	peak_6381	85	peak_6381	151
peak_6388	132	peak_6388	27	peak_6388	65
peak_6394	124	peak_6394	45	peak_6394	71
peak_6397	212	peak_6397	107	peak_6397	120
peak_6398	90	peak_6398	44	peak_6398	85
peak_6405	160	peak_6405	69	peak_6405	84
peak_6406	107	peak_6406	48	peak_6406	53
peak_6407	175	peak_6407	74	peak_6407	121
peak_6422	255	peak_6422	155	peak_6422	188
peak_6423	104	peak_6423	64	peak_6423	72
peak_6428	162	peak_6428	110	peak_6428	112
peak_6459	195	peak_6459	171	peak_6459	107
peak_6473	224	peak_6473	94	peak_6473	146
peak_6476	173	peak_6476	75	peak_6476	95
peak_6484	241	peak_6484	102	peak_6484	143
peak_6488	175	peak_6488	88	peak_6488	121
peak_6490	191	peak_6490	92	peak_6490	110
peak_6491	148	peak_6491	110	peak_6491	89
peak_6493	159	peak_6493	72	peak_6493	110
peak_6501	597	peak_6501	407	peak_6501	446
peak_6504	347	peak_6504	231	peak_6504	222
peak_6505	309	peak_6505	234	peak_6505	177
peak_6512	141	peak_6512	74	peak_6512	116
peak_6516	228	peak_6516	163	peak_6516	181
peak_6517	162	peak_6517	97	peak_6517	101
peak_6520	60	peak_6520	40	peak_6520	60
peak_6521	79	peak_6521	44	peak_6521	62
peak_6522	32	peak_6522	18	peak_6522	33
peak_6523	173	peak_6523	129	peak_6523	112
peak_6535	239	peak_6535	129	peak_6535	128
peak_6536	96	peak_6536	62	peak_6536	86
peak_6537	272	peak_6537	176	peak_6537	154
peak_6538	381	peak_6538	276	peak_6538	226
peak_6547	249	peak_6547	121	peak_6547	151
peak_6548	383	peak_6548	163	peak_6548	233
peak_6552	556	peak_6552	227	peak_6552	336
peak_6568	228	peak_6568	153	peak_6568	193
peak_6569	231	peak_6569	164	peak_6569	146
peak_6572	447	peak_6572	292	peak_6572	398
peak_6587	126	peak_6587	78	peak_6587	92
peak_6610	167	peak_6610	79	peak_6610	87
peak_6621	225	peak_6621	114	peak_6621	121
peak_6630	251	peak_6630	97	peak_6630	125
peak_6634	151	peak_6634	72	peak_6634	81
peak_6638	124	peak_6638	67	peak_6638	48
peak_6639	88	peak_6639	47	peak_6639	51
peak_6640	87	peak_6640	44	peak_6640	48
peak_6644	195	peak_6644	91	peak_6644	185
peak_6645	243	peak_6645	108	peak_6645	123
peak_6651	142	peak_6651	60	peak_6651	62
peak_6656	240	peak_6656	107	peak_6656	111
peak_6658	176	peak_6658	75	peak_6658	82
peak_6659	240	peak_6659	128	peak_6659	116
peak_6674	196	peak_6674	86	peak_6674	88
peak_6676	171	peak_6676	65	peak_6676	86
peak_6677	139	peak_6677	52	peak_6677	74
peak_6683	113	peak_6683	48	peak_6683	63
peak_6689	538	peak_6689	311	peak_6689	326
peak_6690	411	peak_6690	212	peak_6690	240
peak_6694	160	peak_6694	80	peak_6694	95
peak_6705	242	peak_6705	130	peak_6705	154
peak_6710	104	peak_6710	54	peak_6710	71
peak_6714	131	peak_6714	73	peak_6714	80
peak_6716	214	peak_6716	107	peak_6716	154
peak_6717	225	peak_6717	141	peak_6717	163
peak_6718	156	peak_6718	91	peak_6718	111
peak_6719	358	peak_6719	221	peak_6719	219
peak_6721	787	peak_6721	516	peak_6721	506
peak_6722	164	peak_6722	109	peak_6722	124
peak_6723	155	peak_6723	102	peak_6723	87
peak_6724	106	peak_6724	61	peak_6724	69
peak_6725	164	peak_6725	79	peak_6725	109
peak_6726	491	peak_6726	283	peak_6726	307
peak_6728	336	peak_6728	219	peak_6728	205
peak_6732	136	peak_6732	100	peak_6732	110
peak_6735	147	peak_6735	83	peak_6735	83
peak_6736	235	peak_6736	115	peak_6736	149
peak_6738	139	peak_6738	65	peak_6738	80
peak_6750	216	peak_6750	90	peak_6750	135
peak_6751	136	peak_6751	45	peak_6751	79
peak_6752	232	peak_6752	96	peak_6752	129
peak_6760	111	peak_6760	64	peak_6760	73
peak_6783	116	peak_6783	35	peak_6783	68
peak_6791	220	peak_6791	72	peak_6791	106
peak_6796	195	peak_6796	54	peak_6796	96
peak_6802	266	peak_6802	84	peak_6802	140
peak_6807	247	peak_6807	85	peak_6807	132
peak_6816	111	peak_6816	68	peak_6816	76
peak_6823	444	peak_6823	204	peak_6823	276
peak_6831	42	peak_6831	35	peak_6831	41
peak_6832	42	peak_6832	11	peak_6832	17
peak_6834	381	peak_6834	225	peak_6834	212
peak_6839	248	peak_6839	118	peak_6839	183
peak_6841	106	peak_6841	78	peak_6841	65
peak_6846	131	peak_6846	64	peak_6846	77
peak_6855	161	peak_6855	86	peak_6855	105
peak_6856	126	peak_6856	88	peak_6856	98
peak_6867	221	peak_6867	63	peak_6867	113
peak_6885	137	peak_6885	94	peak_6885	126
peak_6887	197	peak_6887	153	peak_6887	130
peak_6894	115	peak_6894	45	peak_6894	60
peak_6895	172	peak_6895	59	peak_6895	95
peak_6897	344	peak_6897	178	peak_6897	246
peak_6903	215	peak_6903	104	peak_6903	149
peak_6911	157	peak_6911	127	peak_6911	115
peak_6916	155	peak_6916	63	peak_6916	84
peak_6932	151	peak_6932	79	peak_6932	74
peak_6939	644	peak_6939	311	peak_6939	372
peak_6941	158	peak_6941	77	peak_6941	106
peak_6947	224	peak_6947	110	peak_6947	171
peak_6952	155	peak_6952	110	peak_6952	99
peak_6955	206	peak_6955	132	peak_6955	132
peak_6963	157	peak_6963	85	peak_6963	124
peak_6964	105	peak_6964	53	peak_6964	78
peak_6970	153	peak_6970	100	peak_6970	97
peak_6975	106	peak_6975	70	peak_6975	80
peak_6986	222	peak_6986	117	peak_6986	165
peak_6987	156	peak_6987	67	peak_6987	77
peak_6989	364	peak_6989	126	peak_6989	200
peak_7010	365	peak_7010	135	peak_7010	193
peak_7020	294	peak_7020	182	peak_7020	136
peak_7041	123	peak_7041	64	peak_7041	109
peak_7042	136	peak_7042	61	peak_7042	72
peak_7070	131	peak_7070	54	peak_7070	84
peak_7074	265	peak_7074	152	peak_7074	240
peak_7076	130	peak_7076	27	peak_7076	43
peak_7083	402	peak_7083	151	peak_7083	196
peak_7087	258	peak_7087	129	peak_7087	160
peak_7092	231	peak_7092	59	peak_7092	134
peak_7112	291	peak_7112	107	peak_7112	161
peak_7126	173	peak_7126	51	peak_7126	79
peak_7136	268	peak_7136	140	peak_7136	139
peak_7137	235	peak_7137	140	peak_7137	146
peak_7142	441	peak_7142	171	peak_7142	240
peak_7153	128	peak_7153	46	peak_7153	77
peak_7156	119	peak_7156	27	peak_7156	76
peak_7162	148	peak_7162	56	peak_7162	55
peak_7177	130	peak_7177	32	peak_7177	66
peak_7180	47	peak_7180	9	peak_7180	19
peak_7181	108	peak_7181	44	peak_7181	55
peak_7186	201	peak_7186	88	peak_7186	102
peak_7189	171	peak_7189	54	peak_7189	76
peak_7199	193	peak_7199	65	peak_7199	91
peak_7224	188	peak_7224	54	peak_7224	103
peak_7231	210	peak_7231	74	peak_7231	129
peak_7245	111	peak_7245	34	peak_7245	60
peak_7246	186	peak_7246	57	peak_7246	63
peak_7254	216	peak_7254	42	peak_7254	71
peak_7256	162	peak_7256	39	peak_7256	56
peak_7268	190	peak_7268	50	peak_7268	80
peak_7272	209	peak_7272	78	peak_7272	88
peak_7275	120	peak_7275	49	peak_7275	82
peak_7276	81	peak_7276	30	peak_7276	50
peak_7277	1029	peak_7277	446	peak_7277	556
peak_7286	192	peak_7286	54	peak_7286	91
peak_7294	186	peak_7294	114	peak_7294	115
peak_7295	179	peak_7295	84	peak_7295	112
peak_7298	122	peak_7298	61	peak_7298	79
peak_7299	114	peak_7299	78	peak_7299	65
peak_7303	311	peak_7303	184	peak_7303	192
peak_7316	195	peak_7316	95	peak_7316	127
peak_7334	113	peak_7334	86	peak_7334	65
peak_7335	454	peak_7335	271	peak_7335	290
peak_7347	232	peak_7347	64	peak_7347	142
peak_7355	179	peak_7355	74	peak_7355	128
peak_7361	223	peak_7361	128	peak_7361	191
peak_7367	120	peak_7367	56	peak_7367	89
peak_7369	1003	peak_7369	467	peak_7369	544
peak_7370	114	peak_7370	51	peak_7370	86
peak_7371	208	peak_7371	119	peak_7371	108
peak_7372	79	peak_7372	37	peak_7372	82
peak_7373	137	peak_7373	67	peak_7373	67
peak_7381	168	peak_7381	61	peak_7381	89
peak_7385	222	peak_7385	80	peak_7385	145
peak_7386	149	peak_7386	57	peak_7386	110
peak_7388	101	peak_7388	36	peak_7388	53
peak_7391	133	peak_7391	58	peak_7391	86
peak_7392	277	peak_7392	117	peak_7392	139
peak_7393	124	peak_7393	52	peak_7393	101
peak_7394	134	peak_7394	51	peak_7394	67
peak_7400	147	peak_7400	49	peak_7400	72
peak_7402	144	peak_7402	45	peak_7402	77
peak_7413	180	peak_7413	56	peak_7413	72
peak_7414	227	peak_7414	73	peak_7414	145
peak_7421	140	peak_7421	78	peak_7421	81
peak_7422	119	peak_7422	73	peak_7422	88
peak_7429	370	peak_7429	212	peak_7429	259
peak_7430	192	peak_7430	86	peak_7430	148
peak_7436	904	peak_7436	305	peak_7436	517
peak_7441	184	peak_7441	53	peak_7441	102
peak_7448	171	peak_7448	91	peak_7448	89
peak_7451	139	peak_7451	75	peak_7451	79
peak_7452	176	peak_7452	83	peak_7452	104
peak_7463	156	peak_7463	79	peak_7463	105
peak_7468	88	peak_7468	36	peak_7468	72
peak_7470	117	peak_7470	32	peak_7470	93
peak_7477	160	peak_7477	37	peak_7477	64
peak_7480	424	peak_7480	151	peak_7480	246
peak_7483	292	peak_7483	166	peak_7483	130
peak_7484	150	peak_7484	95	peak_7484	102
peak_7488	338	peak_7488	109	peak_7488	172
peak_7492	117	peak_7492	63	peak_7492	90
peak_7493	166	peak_7493	103	peak_7493	95
peak_7495	117	peak_7495	71	peak_7495	79
peak_7506	199	peak_7506	82	peak_7506	74
peak_7521	177	peak_7521	83	peak_7521	109
peak_7525	143	peak_7525	102	peak_7525	76
peak_7529	141	peak_7529	91	peak_7529	119
peak_7540	378	peak_7540	191	peak_7540	230
peak_7549	161	peak_7549	103	peak_7549	116
peak_7554	144	peak_7554	61	peak_7554	89
peak_7556	283	peak_7556	177	peak_7556	188
peak_7557	329	peak_7557	148	peak_7557	162
peak_7571	152	peak_7571	78	peak_7571	103
peak_7572	172	peak_7572	84	peak_7572	113
peak_7573	368	peak_7573	203	peak_7573	240
peak_7579	120	peak_7579	82	peak_7579	76
peak_7584	590	peak_7584	309	peak_7584	293
peak_7592	98	peak_7592	47	peak_7592	67
peak_7600	121	peak_7600	41	peak_7600	57
peak_7610	176	peak_7610	48	peak_7610	127
peak_7611	197	peak_7611	71	peak_7611	138
peak_7617	280	peak_7617	115	peak_7617	172
peak_7618	173	peak_7618	67	peak_7618	112
peak_7627	141	peak_7627	50	peak_7627	74
peak_7636	99	peak_7636	59	peak_7636	80
peak_7650	574	peak_7650	177	peak_7650	392
peak_7659	217	peak_7659	88	peak_7659	117
peak_7662	131	peak_7662	48	peak_7662	63
peak_7671	142	peak_7671	33	peak_7671	113
peak_7675	242	peak_7675	77	peak_7675	144
peak_7681	114	peak_7681	41	peak_7681	71
peak_7686	119	peak_7686	65	peak_7686	104
peak_7696	205	peak_7696	84	peak_7696	80
peak_7698	66	peak_7698	46	peak_7698	46
peak_7699	97	peak_7699	81	peak_7699	44
peak_7700	187	peak_7700	131	peak_7700	108
peak_7703	148	peak_7703	50	peak_7703	74
peak_7707	197	peak_7707	99	peak_7707	138
peak_7711	227	peak_7711	101	peak_7711	161
peak_7720	182	peak_7720	55	peak_7720	83
peak_7735	130	peak_7735	54	peak_7735	65
peak_7746	214	peak_7746	95	peak_7746	120
peak_7747	169	peak_7747	67	peak_7747	92
peak_7751	102	peak_7751	69	peak_7751	72
peak_7753	278	peak_7753	148	peak_7753	149
peak_7768	105	peak_7768	54	peak_7768	56
peak_7780	142	peak_7780	77	peak_7780	86
peak_7791	282	peak_7791	105	peak_7791	178
peak_7797	178	peak_7797	82	peak_7797	121
peak_7799	105	peak_7799	57	peak_7799	84
peak_7810	163	peak_7810	57	peak_7810	84
peak_7811	120	peak_7811	59	peak_7811	66
peak_7819	351	peak_7819	121	peak_7819	144
peak_7840	182	peak_7840	63	peak_7840	131
peak_7867	196	peak_7867	95	peak_7867	131
peak_7870	276	peak_7870	107	peak_7870	166
peak_7871	497	peak_7871	176	peak_7871	327
peak_7875	399	peak_7875	198	peak_7875	246
peak_7910	121	peak_7910	36	peak_7910	79
peak_7914	282	peak_7914	99	peak_7914	149
peak_7918	112	peak_7918	50	peak_7918	69
peak_7923	155	peak_7923	81	peak_7923	88
peak_7924	183	peak_7924	117	peak_7924	120
peak_7926	158	peak_7926	68	peak_7926	102
peak_7928	116	peak_7928	66	peak_7928	65
peak_7932	158	peak_7932	68	peak_7932	123
peak_7975	164	peak_7975	62	peak_7975	128
peak_7976	429	peak_7976	172	peak_7976	276
peak_7986	205	peak_7986	110	peak_7986	148
peak_7989	148	peak_7989	68	peak_7989	86
peak_7994	113	peak_7994	64	peak_7994	57
peak_7998	197	peak_7998	83	peak_7998	105
peak_7999	160	peak_7999	87	peak_7999	92
peak_8004	91	peak_8004	65	peak_8004	68
peak_8030	122	peak_8030	44	peak_8030	64
peak_8049	115	peak_8049	61	peak_8049	48
peak_8052	118	peak_8052	67	peak_8052	84
peak_8053	888	peak_8053	437	peak_8053	502
peak_8057	148	peak_8057	50	peak_8057	98
peak_8062	134	peak_8062	74	peak_8062	80
peak_8063	116	peak_8063	85	peak_8063	83
peak_8065	174	peak_8065	113	peak_8065	98
peak_8072	437	peak_8072	236	peak_8072	222
peak_8076	138	peak_8076	67	peak_8076	106
peak_8088	80	peak_8088	48	peak_8088	81
peak_8095	148	peak_8095	87	peak_8095	124
peak_8110	267	peak_8110	135	peak_8110	163
peak_8111	89	peak_8111	50	peak_8111	51
peak_8112	228	peak_8112	147	peak_8112	162
peak_8118	105	peak_8118	59	peak_8118	102
peak_8119	116	peak_8119	51	peak_8119	93
peak_8128	133	peak_8128	68	peak_8128	120
peak_8130	144	peak_8130	81	peak_8130	112
peak_8136	210	peak_8136	153	peak_8136	135
peak_8153	214	peak_8153	124	peak_8153	165
peak_8154	127	peak_8154	74	peak_8154	74
peak_8157	141	peak_8157	101	peak_8157	101
peak_8168	107	peak_8168	51	peak_8168	69
peak_8192	111	peak_8192	45	peak_8192	85
peak_8216	164	peak_8216	77	peak_8216	110
peak_8222	817	peak_8222	257	peak_8222	497
peak_8226	147	peak_8226	61	peak_8226	61
peak_8230	119	peak_8230	62	peak_8230	72
peak_8231	88	peak_8231	48	peak_8231	64
peak_8234	331	peak_8234	149	peak_8234	160
peak_8238	139	peak_8238	58	peak_8238	101
peak_8248	126	peak_8248	44	peak_8248	86
peak_8252	497	peak_8252	175	peak_8252	305
peak_8293	172	peak_8293	39	peak_8293	82
peak_8298	148	peak_8298	43	peak_8298	75
peak_8301	323	peak_8301	72	peak_8301	167
peak_8308	126	peak_8308	69	peak_8308	45
peak_8313	81	peak_8313	33	peak_8313	38
peak_8314	193	peak_8314	74	peak_8314	121
peak_8329	181	peak_8329	115	peak_8329	129
peak_8332	511	peak_8332	244	peak_8332	366
peak_8338	234	peak_8338	118	peak_8338	175
peak_8348	155	peak_8348	84	peak_8348	116
peak_8357	232	peak_8357	113	peak_8357	99
peak_8366	182	peak_8366	79	peak_8366	104
peak_8377	182	peak_8377	56	peak_8377	130
peak_8386	295	peak_8386	102	peak_8386	156
peak_8402	202	peak_8402	91	peak_8402	157
peak_8411	106	peak_8411	50	peak_8411	77
peak_8412	65	peak_8412	26	peak_8412	62
peak_8415	310	peak_8415	109	peak_8415	202
peak_8416	158	peak_8416	76	peak_8416	88
peak_8436	176	peak_8436	77	peak_8436	112
peak_8439	224	peak_8439	84	peak_8439	150
peak_8455	642	peak_8455	351	peak_8455	363
peak_8467	188	peak_8467	72	peak_8467	109
peak_8469	150	peak_8469	70	peak_8469	96
peak_8484	145	peak_8484	61	peak_8484	80
peak_8496	197	peak_8496	128	peak_8496	122
peak_8527	230	peak_8527	89	peak_8527	120
peak_8533	103	peak_8533	40	peak_8533	60
peak_8534	108	peak_8534	45	peak_8534	57
peak_8565	119	peak_8565	44	peak_8565	71
peak_8591	114	peak_8591	47	peak_8591	81
peak_8598	143	peak_8598	87	peak_8598	96
peak_8600	140	peak_8600	56	peak_8600	81
peak_8610	226	peak_8610	54	peak_8610	130
peak_8622	110	peak_8622	57	peak_8622	77
peak_8649	754	peak_8649	305	peak_8649	473
peak_8650	195	peak_8650	78	peak_8650	127
peak_8657	203	peak_8657	88	peak_8657	116
peak_8674	287	peak_8674	150	peak_8674	177
peak_8685	91	peak_8685	50	peak_8685	97
peak_8691	140	peak_8691	89	peak_8691	75
peak_8692	77	peak_8692	52	peak_8692	62
peak_8705	112	peak_8705	67	peak_8705	87
peak_8706	116	peak_8706	68	peak_8706	123
peak_8707	198	peak_8707	154	peak_8707	136
peak_8711	225	peak_8711	136	peak_8711	149
peak_8743	116	peak_8743	44	peak_8743	68
peak_8748	144	peak_8748	41	peak_8748	75
peak_8758	220	peak_8758	88	peak_8758	134
peak_8759	152	peak_8759	103	peak_8759	115
peak_8767	119	peak_8767	54	peak_8767	106
peak_8773	227	peak_8773	132	peak_8773	172
peak_8774	186	peak_8774	172	peak_8774	124
peak_8775	202	peak_8775	154	peak_8775	156
peak_8777	301	peak_8777	195	peak_8777	201
peak_8786	191	peak_8786	94	peak_8786	122
peak_8795	107	peak_8795	95	peak_8795	81
peak_8822	132	peak_8822	43	peak_8822	59
peak_8826	59	peak_8826	27	peak_8826	30
peak_8827	98	peak_8827	71	peak_8827	85
peak_8828	121	peak_8828	59	peak_8828	56
peak_8829	370	peak_8829	192	peak_8829	166
peak_8833	77	peak_8833	59	peak_8833	73
peak_8834	124	peak_8834	91	peak_8834	76
peak_8839	85	peak_8839	38	peak_8839	32
peak_8840	157	peak_8840	58	peak_8840	74
peak_8842	246	peak_8842	89	peak_8842	155
peak_8844	140	peak_8844	55	peak_8844	90
peak_8853	152	peak_8853	78	peak_8853	73
peak_8870	201	peak_8870	150	peak_8870	147
peak_8876	33	peak_8876	9	peak_8876	29
peak_8877	112	peak_8877	47	peak_8877	94
peak_8881	213	peak_8881	136	peak_8881	139
peak_8882	102	peak_8882	49	peak_8882	72
peak_8886	182	peak_8886	95	peak_8886	144
peak_8892	171	peak_8892	102	peak_8892	133
peak_8893	169	peak_8893	94	peak_8893	110
peak_8899	206	peak_8899	116	peak_8899	110
peak_8907	199	peak_8907	82	peak_8907	104
peak_8913	151	peak_8913	73	peak_8913	99
peak_8918	601	peak_8918	365	peak_8918	335
peak_8931	162	peak_8931	125	peak_8931	105
peak_8934	164	peak_8934	113	peak_8934	91
peak_8935	142	peak_8935	88	peak_8935	95
peak_8936	272	peak_8936	156	peak_8936	182
peak_8944	177	peak_8944	71	peak_8944	131
peak_8967	251	peak_8967	114	peak_8967	137
peak_8998	200	peak_8998	74	peak_8998	84
peak_9001	117	peak_9001	44	peak_9001	93
peak_9006	151	peak_9006	69	peak_9006	73
peak_9008	258	peak_9008	112	peak_9008	199
peak_9009	904	peak_9009	407	peak_9009	527
peak_9017	245	peak_9017	146	peak_9017	119
peak_9029	198	peak_9029	100	peak_9029	97
peak_9035	139	peak_9035	61	peak_9035	99
peak_9050	649	peak_9050	227	peak_9050	354
peak_9051	276	peak_9051	92	peak_9051	188
peak_9077	218	peak_9077	89	peak_9077	125
peak_9086	148	peak_9086	52	peak_9086	73
peak_9105	107	peak_9105	42	peak_9105	89
peak_9115	356	peak_9115	134	peak_9115	173
peak_9119	126	peak_9119	59	peak_9119	50
peak_9125	165	peak_9125	79	peak_9125	89
peak_9148	195	peak_9148	94	peak_9148	152
peak_9159	222	peak_9159	125	peak_9159	168
peak_9160	275	peak_9160	166	peak_9160	138
peak_9161	106	peak_9161	74	peak_9161	65
peak_9171	183	peak_9171	88	peak_9171	100
peak_9175	164	peak_9175	106	peak_9175	118
peak_9178	117	peak_9178	76	peak_9178	79
peak_9186	134	peak_9186	95	peak_9186	78
peak_9190	262	peak_9190	113	peak_9190	151
peak_9200	410	peak_9200	251	peak_9200	276
peak_9201	58	peak_9201	37	peak_9201	56
peak_9202	98	peak_9202	53	peak_9202	65
peak_9205	90	peak_9205	50	peak_9205	85
peak_9213	162	peak_9213	62	peak_9213	85
peak_9216	132	peak_9216	68	peak_9216	90
peak_9217	298	peak_9217	191	peak_9217	205
peak_9218	321	peak_9218	201	peak_9218	217
peak_9219	322	peak_9219	236	peak_9219	208
peak_9220	76	peak_9220	55	peak_9220	54
peak_9223	194	peak_9223	126	peak_9223	126
peak_9224	657	peak_9224	301	peak_9224	341
peak_9225	102	peak_9225	59	peak_9225	97
peak_9226	259	peak_9226	172	peak_9226	228
peak_9235	144	peak_9235	61	peak_9235	89
peak_9241	165	peak_9241	81	peak_9241	114
peak_9274	98	peak_9274	61	peak_9274	52
peak_9279	303	peak_9279	133	peak_9279	198
peak_9289	123	peak_9289	47	peak_9289	87
peak_9298	115	peak_9298	61	peak_9298	66
peak_9303	132	peak_9303	69	peak_9303	89
peak_9304	108	peak_9304	60	peak_9304	65
peak_9305	207	peak_9305	125	peak_9305	172
peak_9306	135	peak_9306	65	peak_9306	106
peak_9308	150	peak_9308	101	peak_9308	112
peak_9309	185	peak_9309	102	peak_9309	170
peak_9311	193	peak_9311	76	peak_9311	139
peak_9317	133	peak_9317	101	peak_9317	98
peak_9323	179	peak_9323	108	peak_9323	155
peak_9324	115	peak_9324	70	peak_9324	101
peak_9334	163	peak_9334	80	peak_9334	88
peak_9338	143	peak_9338	93	peak_9338	90
peak_9339	166	peak_9339	86	peak_9339	89
peak_9345	1100	peak_9345	368	peak_9345	625
peak_9369	188	peak_9369	87	peak_9369	140
peak_9371	224	peak_9371	106	peak_9371	192
peak_9373	137	peak_9373	61	peak_9373	92
peak_9377	519	peak_9377	198	peak_9377	356
peak_9391	294	peak_9391	116	peak_9391	200
peak_9402	99	peak_9402	51	peak_9402	85
peak_9408	152	peak_9408	73	peak_9408	93
peak_9411	345	peak_9411	123	peak_9411	213
peak_9427	146	peak_9427	59	peak_9427	52
peak_9441	64	peak_9441	38	peak_9441	36
peak_9442	129	peak_9442	69	peak_9442	53
peak_9453	146	peak_9453	74	peak_9453	85
peak_9466	118	peak_9466	62	peak_9466	70
peak_9483	268	peak_9483	117	peak_9483	186
peak_9510	148	peak_9510	76	peak_9510	92
peak_9519	137	peak_9519	59	peak_9519	75
peak_9551	165	peak_9551	56	peak_9551	91
peak_9553	62	peak_9553	31	peak_9553	36
peak_9554	51	peak_9554	12	peak_9554	27
peak_9555	73	peak_9555	24	peak_9555	57
peak_9556	70	peak_9556	25	peak_9556	52
peak_9571	99	peak_9571	42	peak_9571	111
peak_9588	141	peak_9588	57	peak_9588	67
peak_9609	75	peak_9609	48	peak_9609	62
peak_9610	24	peak_9610	5	peak_9610	17
peak_9611	89	peak_9611	34	peak_9611	51
peak_9619	1176	peak_9619	530	peak_9619	652
peak_9627	142	peak_9627	52	peak_9627	58
peak_9633	154	peak_9633	44	peak_9633	63
peak_9656	413	peak_9656	231	peak_9656	228
peak_9660	148	peak_9660	68	peak_9660	123
peak_9664	124	peak_9664	91	peak_9664	70
peak_9668	145	peak_9668	88	peak_9668	114
peak_9673	111	peak_9673	56	peak_9673	94
peak_9674	70	peak_9674	41	peak_9674	49
peak_9675	117	peak_9675	80	peak_9675	80
peak_9683	234	peak_9683	66	peak_9683	97
peak_9686	256	peak_9686	80	peak_9686	167
peak_9688	134	peak_9688	56	peak_9688	72
peak_9691	112	peak_9691	45	peak_9691	78
peak_9699	315	peak_9699	186	peak_9699	190
peak_9701	186	peak_9701	94	peak_9701	108
peak_9709	157	peak_9709	58	peak_9709	136
peak_9710	58	peak_9710	21	peak_9710	35
peak_9719	136	peak_9719	45	peak_9719	70
peak_9745	132	peak_9745	56	peak_9745	84
peak_9749	535	peak_9749	272	peak_9749	337
peak_9750	261	peak_9750	142	peak_9750	201
peak_9761	154	peak_9761	85	peak_9761	65
peak_9763	167	peak_9763	50	peak_9763	83
peak_9777	156	peak_9777	92	peak_9777	74
peak_9778	249	peak_9778	187	peak_9778	158
peak_9787	119	peak_9787	78	peak_9787	95
peak_9789	95	peak_9789	50	peak_9789	79
peak_9791	127	peak_9791	52	peak_9791	94
peak_9802	337	peak_9802	139	peak_9802	176
peak_9808	194	peak_9808	62	peak_9808	95
peak_9820	124	peak_9820	40	peak_9820	71
peak_9821	300	peak_9821	101	peak_9821	232
peak_9827	95	peak_9827	54	peak_9827	65
peak_9829	156	peak_9829	86	peak_9829	91
peak_9838	170	peak_9838	68	peak_9838	104
peak_9842	218	peak_9842	116	peak_9842	157
peak_9845	124	peak_9845	77	peak_9845	72
peak_9853	248	peak_9853	84	peak_9853	162
peak_9857	116	peak_9857	42	peak_9857	72
peak_9859	119	peak_9859	47	peak_9859	78
peak_9869	158	peak_9869	44	peak_9869	73
peak_9873	104	peak_9873	56	peak_9873	74
peak_9879	169	peak_9879	76	peak_9879	103
peak_9884	182	peak_9884	113	peak_9884	135
peak_9887	134	peak_9887	108	peak_9887	125
peak_9891	378	peak_9891	201	peak_9891	231
peak_9892	92	peak_9892	43	peak_9892	56
peak_9894	167	peak_9894	89	peak_9894	143
peak_9896	185	peak_9896	87	peak_9896	100
peak_9898	272	peak_9898	156	peak_9898	160
peak_9942	263	peak_9942	78	peak_9942	135
peak_9943	233	peak_9943	72	peak_9943	135
peak_9944	304	peak_9944	97	peak_9944	208
peak_9948	97	peak_9948	30	peak_9948	68
peak_9958	127	peak_9958	68	peak_9958	85
peak_9962	171	peak_9962	52	peak_9962	143
peak_9965	203	peak_9965	66	peak_9965	108
peak_9969	145	peak_9969	38	peak_9969	113
peak_9979	166	peak_9979	90	peak_9979	92
peak_9981	373	peak_9981	157	peak_9981	183
peak_9988	176	peak_9988	98	peak_9988	78
peak_9996	155	peak_9996	42	peak_9996	72
peak_10054	179	peak_10054	63	peak_10054	119
peak_10055	131	peak_10055	59	peak_10055	96
peak_10073	103	peak_10073	38	peak_10073	84
peak_10085	194	peak_10085	83	peak_10085	96
peak_10129	139	peak_10129	56	peak_10129	57
peak_10131	99	peak_10131	39	peak_10131	68
peak_10132	148	peak_10132	86	peak_10132	121
peak_10145	283	peak_10145	128	peak_10145	166
peak_10148	229	peak_10148	70	peak_10148	130
peak_10154	114	peak_10154	36	peak_10154	68
peak_10158	106	peak_10158	25	peak_10158	66
peak_10175	176	peak_10175	66	peak_10175	100
peak_10191	144	peak_10191	55	peak_10191	65
peak_10217	158	peak_10217	95	peak_10217	81
peak_10220	105	peak_10220	62	peak_10220	49
peak_10227	437	peak_10227	198	peak_10227	268
peak_10237	213	peak_10237	64	peak_10237	90
peak_10242	277	peak_10242	87	peak_10242	160
peak_10245	188	peak_10245	79	peak_10245	81
peak_10264	142	peak_10264	48	peak_10264	66
peak_10265	180	peak_10265	35	peak_10265	68
peak_10267	146	peak_10267	39	peak_10267	83
peak_10280	214	peak_10280	66	peak_10280	117
peak_10287	260	peak_10287	89	peak_10287	130
peak_10288	71	peak_10288	26	peak_10288	45
peak_10292	88	peak_10292	63	peak_10292	90
peak_10293	89	peak_10293	46	peak_10293	679
peak_10297	122	peak_10297	26	peak_10297	69
peak_10298	156	peak_10298	61	peak_10298	91
peak_10306	132	peak_10306	40	peak_10306	92
peak_10310	140	peak_10310	54	peak_10310	75
peak_10311	175	peak_10311	66	peak_10311	137
peak_10312	178	peak_10312	70	peak_10312	115
peak_10324	124	peak_10324	45	peak_10324	83
peak_10332	93	peak_10332	36	peak_10332	73
peak_10334	154	peak_10334	50	peak_10334	101
peak_10340	111	peak_10340	30	peak_10340	85
peak_10342	134	peak_10342	32	peak_10342	65
peak_10351	54	peak_10351	13	peak_10351	20
peak_10352	68	peak_10352	18	peak_10352	21
peak_10388	131	peak_10388	49	peak_10388	102
peak_10391	195	peak_10391	66	peak_10391	99
peak_10393	258	peak_10393	104	peak_10393	137
peak_10395	237	peak_10395	106	peak_10395	172
peak_10411	126	peak_10411	52	peak_10411	117
peak_10414	223	peak_10414	80	peak_10414	150
peak_10421	180	peak_10421	40	peak_10421	148
peak_10423	197	peak_10423	53	peak_10423	160
peak_10426	106	peak_10426	29	peak_10426	65
peak_10427	201	peak_10427	82	peak_10427	146
peak_10429	176	peak_10429	66	peak_10429	127
peak_10459	134	peak_10459	58	peak_10459	87
peak_10465	191	peak_10465	61	peak_10465	107
peak_10467	117	peak_10467	50	peak_10467	73
peak_10471	258	peak_10471	66	peak_10471	115
peak_10480	188	peak_10480	67	peak_10480	152
peak_10489	128	peak_10489	91	peak_10489	85
peak_10490	57	peak_10490	39	peak_10490	29
peak_10497	238	peak_10497	102	peak_10497	126
peak_10503	206	peak_10503	85	peak_10503	101
peak_10506	188	peak_10506	67	peak_10506	99
peak_10509	113	peak_10509	28	peak_10509	56
peak_10520	133	peak_10520	54	peak_10520	55
peak_10525	237	peak_10525	49	peak_10525	123
peak_10526	128	peak_10526	56	peak_10526	79
peak_10534	95	peak_10534	41	peak_10534	68
peak_10556	189	peak_10556	86	peak_10556	146
peak_10560	139	peak_10560	85	peak_10560	111
peak_10561	130	peak_10561	95	peak_10561	83
peak_10566	125	peak_10566	95	peak_10566	65
peak_10573	285	peak_10573	146	peak_10573	246
peak_10590	142	peak_10590	40	peak_10590	92
peak_10598	218	peak_10598	112	peak_10598	162
peak_10600	92	peak_10600	42	peak_10600	62
peak_10617	217	peak_10617	101	peak_10617	97
peak_10618	203	peak_10618	103	peak_10618	109
peak_10624	132	peak_10624	28	peak_10624	65
peak_10632	205	peak_10632	63	peak_10632	117
peak_10643	126	peak_10643	43	peak_10643	100
peak_10644	182	peak_10644	69	peak_10644	103
peak_10654	159	peak_10654	54	peak_10654	81
peak_10656	105	peak_10656	38	peak_10656	70
peak_10657	101	peak_10657	32	peak_10657	82
peak_10660	146	peak_10660	44	peak_10660	61
peak_10671	181	peak_10671	49	peak_10671	83
peak_10697	118	peak_10697	77	peak_10697	105
peak_10702	131	peak_10702	42	peak_10702	96
peak_10707	168	peak_10707	45	peak_10707	61
peak_10708	105	peak_10708	34	peak_10708	63
peak_10709	168	peak_10709	44	peak_10709	94
peak_10710	19	peak_10710	7	peak_10710	10
peak_10715	165	peak_10715	49	peak_10715	90
peak_10717	151	peak_10717	38	peak_10717	81
peak_10721	163	peak_10721	39	peak_10721	100
peak_10723	87	peak_10723	12	peak_10723	74
peak_10724	100	peak_10724	20	peak_10724	63
peak_10728	89	peak_10728	41	peak_10728	68
peak_10729	85	peak_10729	27	peak_10729	42
peak_10730	40	peak_10730	17	peak_10730	32
peak_10734	138	peak_10734	50	peak_10734	77
peak_10739	116	peak_10739	39	peak_10739	100
peak_10746	96	peak_10746	27	peak_10746	75
peak_10747	104	peak_10747	24	peak_10747	55
peak_10749	99	peak_10749	27	peak_10749	74
peak_10756	193	peak_10756	59	peak_10756	86
peak_10762	128	peak_10762	55	peak_10762	89
peak_10767	186	peak_10767	64	peak_10767	101
peak_10770	104	peak_10770	45	peak_10770	61
peak_10774	104	peak_10774	55	peak_10774	69
peak_10778	119	peak_10778	29	peak_10778	77
peak_10780	119	peak_10780	47	peak_10780	81
peak_10783	106	peak_10783	39	peak_10783	77
peak_10787	164	peak_10787	54	peak_10787	121
peak_10793	135	peak_10793	47	peak_10793	52
peak_10795	194	peak_10795	67	peak_10795	102
peak_10826	113	peak_10826	58	peak_10826	72
peak_10830	124	peak_10830	56	peak_10830	89
peak_10832	107	peak_10832	36	peak_10832	51
peak_10847	109	peak_10847	21	peak_10847	75
peak_10859	152	peak_10859	53	peak_10859	74
peak_10872	258	peak_10872	80	peak_10872	160
peak_10878	273	peak_10878	110	peak_10878	122
peak_10884	222	peak_10884	73	peak_10884	113
peak_10888	110	peak_10888	38	peak_10888	61
peak_10889	109	peak_10889	60	peak_10889	76
peak_10898	141	peak_10898	49	peak_10898	57
peak_10901	150	peak_10901	66	peak_10901	96
peak_10902	47	peak_10902	19	peak_10902	44
peak_10903	159	peak_10903	113	peak_10903	140
peak_10911	146	peak_10911	72	peak_10911	80
peak_10916	154	peak_10916	88	peak_10916	94
peak_10917	105	peak_10917	66	peak_10917	74
peak_10924	150	peak_10924	77	peak_10924	90
peak_10927	225	peak_10927	85	peak_10927	146
peak_10936	183	peak_10936	70	peak_10936	114
peak_10938	142	peak_10938	51	peak_10938	73
peak_10956	37	peak_10956	31	peak_10956	24
peak_10957	53	peak_10957	44	peak_10957	32
peak_10958	164	peak_10958	107	peak_10958	97
peak_10961	179	peak_10961	87	peak_10961	99
peak_10966	568	peak_10966	256	peak_10966	403
peak_10970	513	peak_10970	183	peak_10970	386
peak_10981	142	peak_10981	60	peak_10981	80
peak_10989	131	peak_10989	67	peak_10989	93
peak_10990	146	peak_10990	66	peak_10990	81
peak_10996	113	peak_10996	56	peak_10996	65
peak_10999	149	peak_10999	70	peak_10999	102
peak_11000	177	peak_11000	48	peak_11000	105
peak_11010	205	peak_11010	57	peak_11010	150
peak_11013	110	peak_11013	49	peak_11013	88
peak_11015	127	peak_11015	56	peak_11015	81
peak_11016	241	peak_11016	102	peak_11016	135
peak_11018	205	peak_11018	87	peak_11018	107
peak_11023	257	peak_11023	131	peak_11023	158
peak_11026	144	peak_11026	90	peak_11026	112
peak_11027	144	peak_11027	89	peak_11027	118
peak_11056	172	peak_11056	51	peak_11056	63
peak_11068	675	peak_11068	213	peak_11068	435
peak_11073	167	peak_11073	84	peak_11073	103
peak_11076	232	peak_11076	111	peak_11076	85
peak_11077	223	peak_11077	100	peak_11077	107
peak_11086	173	peak_11086	51	peak_11086	98
peak_11090	128	peak_11090	59	peak_11090	70
peak_11092	130	peak_11092	73	peak_11092	127
peak_11093	93	peak_11093	62	peak_11093	67
peak_11094	132	peak_11094	101	peak_11094	81
peak_11099	146	peak_11099	44	peak_11099	81
peak_11115	114	peak_11115	43	peak_11115	58
peak_11121	123	peak_11121	49	peak_11121	77
peak_11132	333	peak_11132	176	peak_11132	210
peak_11143	153	peak_11143	61	peak_11143	72
peak_11149	130	peak_11149	37	peak_11149	85
peak_11151	410	peak_11151	178	peak_11151	251
peak_11156	216	peak_11156	80	peak_11156	138
peak_11165	114	peak_11165	82	peak_11165	102
peak_11168	250	peak_11168	84	peak_11168	153
peak_11170	157	peak_11170	52	peak_11170	88
peak_11174	285	peak_11174	126	peak_11174	220
peak_11192	244	peak_11192	87	peak_11192	119
peak_11197	34	peak_11197	15	peak_11197	22
peak_11198	60	peak_11198	29	peak_11198	42
peak_11211	189	peak_11211	90	peak_11211	111
peak_11212	230	peak_11212	176	peak_11212	157
peak_11215	170	peak_11215	122	peak_11215	86
peak_11216	169	peak_11216	94	peak_11216	157
peak_11217	774	peak_11217	387	peak_11217	508
peak_11218	121	peak_11218	49	peak_11218	56
peak_11220	187	peak_11220	116	peak_11220	133
peak_11229	151	peak_11229	58	peak_11229	96
